Serial#,SerialName
1,Annals of Applied Biology
4,Acta Amazonica Supplemento
5,"Atti dell'Accademia delle Scienze Fisiche e Matematiche, Napoli"
6,"Annales de Biologie Lacustre, Brussels"
7,Annals of the Carnegie Museum
8,American Entomologist
9,Acta Entomologica Bohemoslovaca
10,Acta Entomologica Fennica
11,Australian Entomological Magazine
15,Annals of the Entomological Society of America
16,Annals of the Entomological Society of Quebec
17,Sborník faunistických prací Entomologického oddelěni Narodního Musea v Praze [=Acta faunistica entomologica Musei Nationalis Pragae]
18,Agricultural Gazette of New South Wales
19,Annales Historico-Naturales Musei Nationalis Hungarici
20,Archiv für Hydrobiologie – Supplements
21,American Journal of Science
22,Australian Journal of Zoology
23,"Australian Journal of Zoology, Supplementary Series"
24,"Annalen des K.K. Naturhistorisches Hofmuseums, Wien"
25,Archiv für Klassifikatorische und phylogenetische Entomologie
26,Actas y Memorias del Congreso de Naturalistas Españoles
27,"Annali del Museo Civico di Storia Naturale Giacomo Doria, Genoa"
28,American Museum Novitates
29,American Midland Naturalist
30,Annals and Magazine of Natural History
31,Arbeiten uber Morphologische und Taxonomische Entomologie aus Berlin-Dahlem
32,American Naturalist
33,Annals of Natural History
34,Annalen des Naturhistorischen Museums in Wien
35,Annales entomologici Fennici [=Suomen hyönteistieteellinen aikakauskirja]
36,Annales Zoologici Fennici
37,Archiv für Naturgeschichte
38,Annual Review of Entomology
39,Annual Review of Ecology and Systematics
40,Annual Report of the Entomological Society of Ontario
41,Annals of the South African Museum
42,Anales de la Sociedad Científica Argentina
43,Annales de la Société Entomologique de Belgique
44,Annales de la Société Entomologique de France
45,Actas [Anales] de la [Real] Sociedad Española de Historia Natural
46,Acta Societatis pro Fauna et Flora Fennica
47,Annals of Scottish Natural History
48,"Annales des Sciences Naturelles, Zoologie"
49,Annales. Société R. des Sciences Médicales et Naturelles de Bruxelles
50,Annales de la Société Scientifique de Bruxelles
51,Australian Zoologist
52,Arkiv för Zoologi
53,Acta Zoologica Academiae Scientarum Hungaricae
54,Acta Zoologica Fennica
55,Annotationes Zoologicae Japonenses
56,Acta Zoologica Lilloana
57,Biotropica
58,Bulletin of the American Museum of Natural History
59,Bulletin de l'Academie Royale des Sciences et Belles-Lettres de Bruxelles
60,Bulletin et Annales de la Société [Royale] Entomologique de Belgique
61,Bulletin et Annales de la Société [Royale] Belge d'Entomologie [use ser#60]
62,"Biological Bulletin, Marine Biological Laboratory, Woods Hole, MA"
63,Bulletin of the Brooklyn Entomological Society
64,"Bulletin of the British Museum of Natural History, Entomology"
65,"Bulletin of the British Museum of Natural History, Entomology Supplement"
66,"Bulletin of the British Museum of Natural History, Geology"
67,Bulletin of the Bernice P. Bishop Museum
68,Bulletin of the California Insect Survey
69,Bulletin of Entomology
70,Bulletin of Entomological Research
71,Behaviorial Ecology and Sociobiology
72,Bulletin of the Entomological Society of America
73,Bulletin of the Entomological Society of Canada
75,Bulletin of the Entomological Society of Quebec
76,Boletin de Entomologia Venezolana
77,Berliner Entomologische Zeitschrift
78,Butlletí de la Institució Catalana d'História Natural
81,Bulletin of the Illinois [State] Natural History Survey
82,Beiträge zur Kenntnis der Land - und Südswasserfauna Deutsch-Südwestafrikas
83,"Bulletin of the Lloyd Library, Entomological Series"
84,Bollettino del Laboratorio di zoologia generale e agraria della Facoltà agraria in Portici
85,Bulletin of the Museum of Comparative Zoology
86,"Bulletin du Muséum National d'Histoire Naturelle, Paris"
87,Beiträge zur Naturkundlichen Forschung in Südwestdeutschland
88,Bulletin of the New York State Museum
90,Biological Reviews
91,Brotéria
92,Boletín de la [Real] Sociedad Española de Historia Natural
93,Boletín de la Sociedad Aragonesa de Ciencias Naturales
94,Bulletin of the Southern California Academy of Sciences
95,Bulletin de la Société [Royale] Entomologique d'Egypte
100,Bulletin de la Société Fouad 1er d'Entomologie
101,Bulletin de la Société d'Histoire Naturelle de l'Afrique du Nord
102,Bulletin de la Société d'Histoire Naturelle de Toulouse
103,Boletín de la Sociedad Ibérica de Ciencias Naturales
104,Bulletin de la Société [Impériale] des Naturalistes de Moscou [=Byulleten' Muskovskogo obshchestva Ispytatelei Prirody]
105,Bulletin of the United States Geological and Geographical Survey of the Territories
106,Bericht des Westpreussischen Botanischen-Zoologischen Vereins
107,Brotéria (Zoológica)
108,Biologisches Zentralblatt
109,Beiträge zur Entomologie
110,Bulletin of Zoological Nomenclature
111,Contributions of the American Entomological Institute
112,"Commentationes Biologicae, Societas Scientiarum Fennica"
113,Comparative Biochemistry and Physiology (Series A)
114,Contributions to Canadian Palaeontology
115,Casopis Ceskoslovenské Spolecnosti Entomologické [=Acta Societatis Entomologicae Cechosloveniae]
116,Canadian Entomologist
117,Cooperative Economic Insect Report (Plant Protection and Quarantine Programs)
118,Chromosoma: Zeitschrift für Zellkern- und Chromosomenforschung
119,Canadian Journal of Research
121,Collections Zoologiques du Baron Edm. de Selys Longchamps. Catalogue Systématique et Descriptif
122,"Comunicari de Zoologie, Prima Consfatuire Nationala de Entomologie [=Societatea de Stiinte Biologice din Republica Socialista Romania, Bucuresti]"
123,"Denkschriften der Akademie der Wissenschaften, Wien. Mathematische-Naturwissenschaftliche Klasse"
124,"Deutsche Entomologische Zeitschrift, Berlin"
125,"Deutsch-Ost-Afrikas, Berlin"
126,Entomologist
127,Entomologica Americana
128,Entomologist's Annual
129,Entomologischer Anzeiger
130,"Entomologische Berichten, Amsterdam"
131,"Estudios. Revista Mensual (Academia literaria del Plata, Buenos Aires)"
132,Ecology
133,Ecological Entomology
134,Entomologia Experimentalis et Applicata
135,Entomologist's Gazette
136,Entomologische Literaturblatter
137,"Entomological Magazine, London"
138,Entomologiske Meddelelser
139,Entomologische Mitteilungen
141,Entomological News
142,"Entomologische Nachrichten, Berlin"
143,"Entomologische Nachrichten, Dresden"
144,Entomophaga
146,Environmental Entomology
147,"Entomologisches Nachrichtenblatt, Wien"
148,Entomologicheskoe Obozreni
149,EOS: Revista Espanola de Entomologia
150,Entomologicke Problemy
152,Entomological Review
153,Entomologist's Record and Journal of Variation
154,"Entomologische Rundschau, Stuttgart"
155,Entomologica Scandinavica
160,Evolution
161,Evolutionary Biology
162,Ergebnisse der Wissenschaftlichen Untersuchungen des Schweizerischen Nationalparks
163,"Entomologische Zeitschrift, Frankfurt am Main"
164,"Entomologische Zeitschrift, Stuttgart"
165,Florida Entomologist
166,Folia Entomologica Mexicana
167,Florida Entomologist Supplement
168,Fauna Exotica
169,Fauna Hungariae
170,Fauna Republicii Socialiste România
171,"Fieldiana: Zoology, Chicago Natural History Museum"
172,Folia Zoologica et Hydrobiologica
173,Gewasser und Abwasser
174,Genera Insectorum
175,Great Lakes Entomologist
176,Hilgardia
177,Horae Societatis Entomologicae Rossicae [=Trudy Russkago Entomologicheskago Obshchestva]
179,International Congress of Entomology
180,Insects of Hawaii
181,Insecutor Inscitiae Menstruus
182,Indian Journal of Entomology
183,International Journal of Insect Morphology and Embryology
184,Insect Life
185,"Insects of Micronesia, Bernice P. Bishop Museum"
186,Insecta Matsumurana
187,Insecta Matsumurana Supplement
188,Irish Naturalists' Journal
189,Bulletin of the Illinois Natural History Survey
190,Invertebrata Pacifica
191,"Insecta, Rennes"
192,Insectes Sociaux
193,Iowa State College Journal of Science
194,Israel Journal of Entomology
195,Konchu Sekai [=Insect World]
196,Insect World Digest
197,Journal of the Australian Entomological Society
198,Journal of Agriculture of the University of Puerto Rico
200,"Journal of the College of Agriculture, Tohoku Imperial University, Sapporo"
201,"Journal of Entomology, London"
202,"Journal of Entomology, Series A"
203,"Journal of Entomology, Series B"
204,Journal of Economic Entomology
205,Journal of the Entomological Society of Southern Africa
206,Journal of the Entomological Society of the South of England
207,Journal of Entomological Research
208,Journal of the Federated Malay States Museums
209,Journal of Geology
210,Journal of the Georgia Entomological Society
211,Journal of Insect Physiology
212,Japanese Journal of Applied Entomology and Zoology
213,Japanese Journal of Genetics
214,Journal of the Kansas Entomological Society
215,"Journal of the Linnean Society of London, Zoology"
216,Journal of Morphology
217,Journal of the New York Entomological Society
218,Journal of Paleontology
219,Journal and Proceedings of the Asiatic Society of Bengal
220,Journal of the Quekett Microscopical Club
221,Journal of the Society for British Entomology
222,Journal of the Society for the Bibliography of Natural History
223,Journal of the Washington Academy of Sciences
224,Konty
225,Khumbu Himal
226,Konowia
227,Kungliga Svenska Vetenskapsakademiens Handlingar
228,"Los Angeles County Museum, Contributions in Science"
229,L'Entomologiste [use ser#521: Entomologiste]
230,Microentomology
231,Memoirs of the American Academy of Arts and Sciences
232,"Memorias de la Academia de Ciencias Exactas, Fisico-Quimicas y Naturales de Zaragoza [use ser#455]"
233,Memoirs of the American Entomological Institute
234,Memoirs of the American Entomological Society
235,Manitoba Entomologist
236,"Memorie dell'Accademia Pontifica dei Nuovi Lincei, Rome"
237,Musei Barcinonensis Scientiarum Naturalium Opera
238,Memoirs of the Cornell University Agricultural Experiment Station
239,"Memoirs of the Department of Agriculture of India, Entomological Series"
240,Michigan Entomologist
241,Mitteilungen der Entomologische Gesellschaft Basel
242,Melanderia
243,Memoirs of the Entomological Society of Canada
244,Memoirs of the Entomological Society of Southern Africa
245,Memoirs of the Entomological Society of Washington
246,Memoires de l'Institut Scientifique de Madagascar
247,Mitteilungen der Münchener Entomologischen Gesellschaft
248,"Memoires du Museum Nationale d'Histoire Naturelle, Paris"
249,Mémoires du Musée Royal d'Histoire Naturelle de Belgique
250,Magazine of Natural History
251,Mitteilungen des Naturwissenschaftlichen Vereins für Neu-Vorpommern u. Rugen in Greifswald
252,Miscellaneous Publications of the Entomological Society of America
253,Memorias de la Real Academia de Ciencias y Artes de Barcelona
254,"Miscellaneous Reports of the Yamashina Institute for Ornithology and Zoology [Yamashina Chorui Kenkyujo, Tokyo]"
255,Memorias de la Sociedad Cubana de Historia Natural
256,Mitteilungen der Schweizerischen Entomologischen Gesellschaft
257,Le Memorie della Società Entomologica Italiana
258,Memorias de la Sociedad Iberica de Ciencias Naturales
259,Memoires de la Société Royale d'Entomologie de Belgique
260,Mushi
261,Mitteilungen aus dem Zoologischen Museum in Berlin
262,"Nature, London"
263,North American Entomologist
264,Nachrichtenblatt der Bayerischen Entomologen
265,Notulae Entomologicae
266,Notes d'Entomologie Chinoise
267,Norsk Entomologisk Tidsskrift
268,Neuroptera International
269,Norwegian Journal of Entomology
270,"Neues Jahrbuch für geologie und palaontologie, Monatshefte"
271,Notes from the Leyden Museum
272,Fauna Republicii Socialiste România
273,Naturaliste Malgache
274,Notulae Naturae
275,Nouvelle Revue d'Entomologie
276,Northwest Science
277,Novitates Zoologicae
278,New Zealand Entomologist
279,New Zealand Journal of Zoology
280,Occidental Entomologist
281,Opinions and Declarations Rendered by the International Commission on Zoological Nomenclature
282,Opuscula Entomologica
283,"Opuscula Entomologica, Supplementum"
284,Oriental Insects
285,Opuscules de l'Institut Scientifique de l'Indochine
286,Ohio Journal of Science
287,Ohio Naturalist
288,Occasional Papers of the Bernice P. Bishop Museum
289,"Oregon State Monographs, Studies in Entomology"
290,Psyche
291,Proceedings of the American Academy of Arts and Sciences
292,Proceedings of the American Association for the Advancement of Science
293,Proceedings of the Aradian Entomological Society
294,Paleobiology
295,Proceedings of the Academy of Natural Sciences of Philadelphia
296,"Physis. Revista de la Sociedad Argentina de Ciencias Naturales, Buenos Aires"
297,Parasitology
298,Proceedings of the Boston Society of Natural History
299,Proceedings of the California Academy of Sciences
300,Publications of the Carnegie Institution of Washington
301,Pomona College Journal of Entomology and Zoology
302,Philippine Entomologist
303,Proceedings of the Entomological Society of America
304,Proceedings of the Entomological Society of British Columbia
305,Proceedings of the Entomological Society of London [use ser#537]
306,Proceedings of the Entomological Society of Ontario
307,Proceedings of the Entomological Society of Philadelphia
308,Proceedings of the Entomological Society of Southern Africa
309,Proceedings of the Entomological Society of Washington
310,Proceedings of the Hawaiian Entomological Society
311,Physiological Entomology
312,Pacific Insects
313,Proceedings of the Iowa Academy of Science
314,Pacific Insects Monographs
315,"Proceedings of the Indian Academy of Sciences, Bangalore"
316,Philippine Journal of Science
317,Proceedings of the Linnean Society of New South Wales
318,Proceedings of the National Academy of Science
319,Proceedings of the New England Zoological Club
320,Postilla
321,Proceedings of the Oklahoma Academy of Science
322,Proceedings of the Pacific Coast Entomological Society
323,Pan-Pacific Entomologist
324,Practical Entomologist
325,"Proceedings of the Royal Entomological Society of London, Series A [use ser#537 ""(A)""]"
326,"Proceedings of the Royal Entomological Society of London, Series B [use ser#537 ""(B)""]"
327,"Proceedings of the Royal Entomological Society of London, Series C [use ser#537 ""(C)""]"
328,Proceedings of the United States National Museum
329,Proceedings of the Washington Academy of Science
330,Proceedings of the West Virginia Academy of Science
331,Quarterly Bulletin of the British Columbia Entomological Society
332,Quaestiones Entomologicae
333,Queensland Naturalist
334,Redia
335,Revista Brasileira de Entomologia
336,Revista Chilena de Entomologia
337,Revista Chilena de Historia Natural
338,"Revista de Entomologia, Rio de Janeiro"
339,Report of the Entomological Department of the New Jersey Agricultural College Experiment Station
340,Revista Ecuatoriana de Entomologia y Parasitologia
341,Reichenbachia
342,"Royal Entomological Society of London, Symposium"
343,Revue d'Entomologie
344,Razón y Fe
345,Revue Française d'Entomologie
346,Records of the Indian Museum
347,Recueil de l'Institut Zoologique Torley-Rousseau
348,Revista Montserratina
349,"Revista do Museu Paulista, Sao Paulo"
350,Revista de la Real Academia de Ciencias Exactas Fisicas y Naturales de Madrid
351,Revista de la [Real] Academia de Ciencias Exactas Fisico-Quimicas y Naturales de Zaragoza
352,Revue Russe d'Entomologie
353,Research Report of the Entomology Research Institute
354,Revista de la Sociedad Entomologica Argentina
355,Revista de la Sociedad Mexicana de Entomologia
356,Revue Suisse de Zoologie
357,Report or the United States Geological [and Geographical] Survey of the Territories
358,Revue de Zoologie Africaines
359,Revue de Zoologie et de Botanique Africaines
360,Stylops
361,South African Animal Life
362,South African Journal of Science
363,"Sitzungsberichte der Akademie der Wissenschaften in Wien, Mathematische-Naturwissenschaftliche Klasse (Abtheilung I)"
364,Stuttgarter Beiträge zur Naturkunde
365,Science and Culture
366,"Science, New York"
367,Systematic Entomology
368,Stettiner Entomologische Zeitung
369,Sitzungsberichte der Gesellschaft Naturforschende Freunde zu Berlin
370,"Sinensia, Shanghai"
371,"Scientific Monthly, New York"
372,Smithsonian Miscellaneous Collections
373,Southwestern Entomologist
374,Supplementa Entomologica
375,Systematic Zoology
376,Transactions of the American Entomological Society
378,Transactions of the Entomological Society of London
379,Transactions of the Entomological Society of the South of England
380,Transactions of the Linnean Society of London
381,"Transactions of the Linnean Society of London, Zoology"
382,"Treballs. Museu de Ciencias Naturals, Barcelona"
383,"Travaux du Musée Géologique prés l'Académie des Sciences de l'URSS, Leningrad"
384,"Transactions and Proceedings of the New Zealand Institute, Wellington [=Transactions of the Royal Society of New Zealand]"
385,"Transactions of the Royal Society of New Zealand, Zoology"
386,Transactions of the Royal Entomological Society of London
387,Transactions of the Royal Society of South Africa
388,Transactions of the Society for British Entomology
389,Transactions of the San Diego Society of Natural History
390,Transactions of the Shikoku Entomological Society
391,Transactions of the Sapporo Natural History Society
392,Tijdschrift voor Entomologie
393,University of California Agricultural Experiment Station Bulletin
394,University of California Publications in Entomology
395,Unites States Department of Agriculture Technical Bulletin
396,Vasculum
397,Verhandlungen der Kaiserlich-Königlichen Zoologische-Botanischen Gesellschaft in Wien
398,"Videnskabelige Meddelelser fra Dansk Naturhistorisk Forening, Kjobenhaven"
399,Verhandlungen der Naturforschende Gesellschaft in Basel
400,Verhandlungen der Zoologische-Botanischen Gesellschaft in Wien
401,Verhandlungen des Zoologische-Botanischen Vereins in Wien
402,Western Australian Naturalist
403,Wiener Entomologische Zeitung
404,Zoologica: Scientific Contributions of the New York Zoological Society
405,Zoologischer Anzeiger
406,Zeitschrift der Arbeitsgemeinschaft Österreichischer Entomologen
407,Zeitschrift für die Entomologie (Germar)
408,Zoology of Iceland
409,Zoologische Jahrbücher (Abt. Anatomie und Ontogenie)
410,"Zoologische Jahrbücher (Abt. Systematik, Geographie und Biologie)"
411,"Dobutsugakkai Zasshi [=Zoological Magazine, Tokyo]"
412,"Zoological Miscellany, London"
413,"Zoologische Mededeelingen, Leiden"
414,Zeitschrift für Morphologie und Ökologie der Tiere
415,Zoologica Scripta
417,Zeitschrift für Vergleichende Physiologie
418,"Zeitschrift für Wissenschaftliche Insektenbiologie, Berlin"
419,Zeitschrift für Zoologische Systematic Evolutionsforschung
420,Acta Amazonica
421,Acta Agriculturae Universitatis Pekinensis [=Peiching Nung Yeh Ta Hsueh Pao]
422,Asociacion Espanola para el Progreso de la Ciencias
423,Aquatic Insects
424,"Arxius [Arxivs] de l'Institute [d'Estudis Catalans, Seccio] de Ciencias, Barcelona"
425,Abhandlungen der Koniglichen Akademie der Wissenschaften zu Berlin
426,Annuario del Museo Zoologico della Università di Napoli
427,"Abhandlungen der Preussischen Akademie der Wissenschaften, Berlin"
429,Archivio Zoologico Italiano
430,Bulletin de l'Academie des Sciences de Russie [=Izvestiya Akademii nauk SSSR]
431,Bericht über die zur Bekanntmachung Geeigneten Verhandlungen der Königl. Preuss. Akademie der Wissenschaften zu Berlin
432,"Bulletin de l'Institut Française d'Afrique Noire (Series A, Sciences Naturelles)"
433,Boletim do Museu Municipal do Funchal
434,Bulletin Mensuel de la Société Linnéenne de Lyon
435,Bollettino dei musei di zoologia ed anatomia comparata della R. Università di Torino
436,Bulletin of the Osaka Museum of Natural History
437,Bulletin de la Société Géologique de France
438,"Compte Rendu de l'Association Française pour l'Avancement des Sciences, Paris"
439,Comptes Rendus des Séances de la Socété Entomologique de Belgique
440,Decheniana: Verhandlungen des Naturhistorischen Vereins des Rheinlande und Westfalens
441,Entomologica Germanica
442,"Entomological Magazine, Kyoto"
443,Rovartani Közlemények [=Folia Entomologica Hungarica]
444,Flora og Fauna
445,Gardener's Chronicle and Agricultural Gazette
446,International Congress of Zoology
447,Invertebrate Taxonomy
448,Journal of the Academy of Natural Sciences of Philadelphia
449,Journal of the Asiatic Society of Bengal
450,Journal of the Bombay Natural History Society
451,"Journal of the Faculty of Science, Hokkaido Imperial University (Series 6: Zoology)"
452,Journal [and Proceedings] of the Royal Society of Western Australia
453,Jenaische Zeitschrift für Naturwissenschaft
454,Lambillionea
455,"Memorias de la [Real] Academia de Ciencias Exactas, Fisico-Quimicas y Naturales de Zaragoza"
456,Memorias de la [Real] Sociedad Española de Historia Natural
457,Memoranda Societatis pro Fauna et Flora Fennica
458,Nova Acta Leopoldina
459,National Geographic Society Research Reports
460,"Neues Jahrbuch für Mineralogie, Geologie und Palaeontologie, Stuttgart"
461,Naturkundliches Jahrbuch der Stadt Linz
462,Proceedings of the Royal Society of Canada
463,Proceedings of the Zoological Society of London
464,Quarterly Journal of the Geological Society of London
465,Records of the Australian Museum
466,Revue Mensuelle de la Société Entomologique Namuroise [=Lambillionea]
467,"Societas Entomologica, Stuttgart"
468,Treubia
469,Akademia nauk SSSR. Trudy Paleontologicheskogo Instituta
471,Zeitschrift für Angewandte Entomologie [=Journal of Applied Entomology]
472,Zeitschrift für die Gesamte Naturwissenschaft
473,Zeitschrift für Naturwissenschaften
474,Zoologisches Zentralblatt
475,Feuille des Jeunes Naturalistes
476,Revue des Questions Scientifiques
477,"Akademiia nauk SSSR. Zoologicheskii Muzei. Ezhegodnik [= Annuaire du Musée Zoologique de l'Académie Impériale des Sciences, St. Pétersborg]"
478,Records of the Auckland Institute and Museum
479,Occasional Papers of the California Academy of Sciences
480,Brotéria (Ciências Naturais)
481,Journal of Animal Ecology
482,"Natural History, New York"
483,"Antenna, Bulletin of the Royal Entomological Society of London"
484,Brenesia
485,"Chacaras e Quintaes, Sao Paulo"
486,"New York State Museum, Albany. Annual Report."
487,"Izvestiya na Zoologicheskiya Institut s Muzei (Bulgarska Akademiya na Naukite, Sofia)"
488,"Acta Phytopathologica, Academiae Scientiarum Hungaricae"
489,Acta Phytopathologica et Entomologica Hungarica
490,"Zashchita Rastenii, Moscow"
491,Vop. Biol. Zashch. Rast.
492,Annuaire du Musée Zoologique de l'Académie Impériale des Sciences de St. Pétersbourg [use ser#477]
493,Pakist. J. Zool.
494,Biol. Cellulaire
495,"Southwestern Entomologist, Supplement"
496,Entomofauna
497,"Zachr. Vorarlberger Oberland, Rhetius Ges."
498,Nachrichten des Entomologischen Vereins Apollo
499,Poeyana Instituto de Biologia
500,Journal of Southw. Nat.
501,"Naturalist, Hull & London"
502,"Abhandlungen der Pamir-Expedition 1929 [=Pamirskaia ekspeditsiia, Trudy], Lenningrad"
503,Rev. V. Adamachi (Lasi)
504,Abhandlungen herausgegeben vom Naturwissenschaftliche Verein zu Bremen
506,Acta Oecologica/Oecologia Applicata
507,Agronomie
508,Bulletin de la Société Entomologique Suisse [use ser#256]
509,Lunds Universitets Arsskrift
510,Entomologen
511,Biblioteca Italiana
512,Annales de l'Institut Phytopathologique Benaki
513,"Research Bulletin of the Punjab University of Science, Zoology"
514,Bulletin de la Société Zoologique de France
515,Bull. Sci. Inst. Nat. Res.
516,"Memoirs of the National Science Museum, Tokyo"
517,Gekkan-Mushi
518,Mitteilungen der Deutschen Gesellschaft für Allgemeine und Angewandte Entomologie
519,Biologia Gallo-Hellenica
520,Stapfia
521,Entomologiste
522,Memoires de l'Institut Français d'Afrique Noire
523,Vie et Milieu
524,North Western Naturalist
525,Journal of Natural History
526,"Wiedemann, Arch. Zool."
527,Sborník Stud. Kruz. Liub. Prir. Chark. Univ.  Charikov.
528,Mesopotamia J. Agric.
529,"Dissertation Abstracts [do not use this ser#, cite dissertations as ""ds""]"
530,Uvoshtarstvo
531,Gradinarska Lozarska Nauka [=Horticultural and Viticultural Science]
532,Rasteniev'dni Nauki
533,Rastitelna Zashitita [=Plant Protection]
534,"Nauchni Trud., Entomologiya, Mikrobiologiya, Fitopatologiya"
535,"Journal Microsc., Paris"
536,Levende Natuur
537,Proceedings of the Royal Entomological Society of London
538,British Journal of Animal Behaviour
539,Bulletin of the Irish Biogeographical Society
540,Phytophylactica
541,Victorian Naturalist
542,Acta Societatis Entomologicae Cechoslovenicae
543,Philosophical Transactions of the Royal Society of London
544,Proceedings of the Entomological Society of Manitoba
545,Cryo-Letters
547,Bulletin de la Société d'étude des Sciences Naturelles de Nîmes
548,Folia Limnologica Scandinavica
549,Revista Patologia Vegetal
550,Verhandlungen des Vereins für Naturwissenschaftliche Unterhaltung zu Hamburg
551,"Annales de Zoologie, Biologie Animale"
552,Neotropica
553,Rovartani Lapok
554,"J. Zool., London [=? ser#215, J. Linn. Soc. Lond., Zool.]"
555,Proceedings of the Isle of Wight Natural History (and Archaeological) Society
556,Bulletin de la Société de Pathologie Exotique
557,Insect Biochemistry [later: and Molecular Biology]
558,Wilhelm Roux Archiv für Entwicklungsmechanik der Organismen
559,Palestine Citrograph
560,Junta de Ciences Natvrals
561,Ent. Hortic.
562,An. Soc. Esp. [Anales de la [Real] Sociedad Española de física y Química]
563,"Naturw. Grundbegr. Landb. Praxis, Munich Zool."
564,Animal Behaviour
565,Neth. J. Zool.
566,Malayan Natur Journal
567,Observ. s. les insects.
568,Beiträge zu der Insekten - Geschichte herausgegeben von Ludwig Gottlieb Scriba
569,Natuurhistorisch Maandblad
570,University of Maryland Agricultural Experiment Station Bulletin
571,Lounais-Hämeen Luonto
572,Monthly Bulletin State Commiss. Hortic. [California]
573,Ber. Mitt. Freund. Naturwiss. Wien (W. Haidinger)
574,"Verh. Zool.-Bot. Ver. Wien, Sb. [=? ser#401]"
575,Schriften des Vereins zur Verbreitung Naturwissenschaftlicher Kentnisse in Wien
576,Internationale Revue der Gesamten Hydrobiologie und Hydrographie
577,Rhod. J. Agric. Res.
578,Zimbabwe Journal of Agricultural Research
579,"Entomologische Nachrichten, Putbus"
580,Schriften der Naturforschenden Gesellschaft in Danzig
581,Trends in Ecology and Evolution
582,Bulletin. Connecticut State Geological and Natural History Survey
583,"Acta Rerum. Nat. Mus. Slov., Bratislava"
584,Rev. Fac. Ci. Ex. Fis. Nat. Cordoba (N.S.)
585,Zoomorphologie
586,Izvestiya na Bulgarskoto Entomologichno Druzhestvo
587,Proc. Manchester Institute of Arts and Sciences
588,Circular. Washingtion Agricultural Experiment Station
589,Cistula Entomologica
590,American Biology Teacher
591,Vyestsi Akad. Navuk BSSR Syer Syel'skakahaspd Navuk
592,Sphecos
593,Revista del Colegio Nacional Vicente Rocafuerte
595,Experientia
596,Revista Brasileira de Biologia
597,Lavori Soc. Ital. Biogeografia
599,Sciences Naturelles
600,New Zealand Journal of Science and Technology
601,Bollettino dell'Associazione Romana di Entomologia
603,Boletín de la Sociedad de Biología de Concepción
604,Acta Acad. Leop. Carol.
605,Indian Forest Record
606,Journal of Animal Morphology and Physiology
607,"Alpin-Biol. Stud. VII, Veröff. Univ. Innsbruck"
608,Tech. Comm. Commonw. Inst. Biol. Control
609,Great Basin Naturalist
610,Atti dell'Accademia Gioenia di Scienze Naturali
611,Graellsia
612,"Bulletin, Association Philomathique d'Alsace et de Lorraine"
613,Travaux du Laboratoire de zoologie et de la Station aquicole Grimaldi de la Faculté des sciences de Dijon
614,Fragmenta Balcanica Musei Macedonici Scientiarum Naturalium
615,"Rendiconti dell'Accademia delle Scienze Fisiche e Matematiche, Napoli"
616,Annals of the Natal Museum
617,Österreichische Zoologische Zeitschrift
618,"Jahresbericht Ver. Lotos, Prag."
619,Bericht des Naturwissenschaftliche-Medizinischen Vereins in Innsbruck
620,Entomologisches Jahrbuch
621,Transactions [and Annual Report] of the North Staffordshire Field Club
622,"Kon. Ned. Acad. Wet., Verhand., (Tweede Sectie)"
623,Entomon: Internationale Zeitschrift für die gesamte Insektenkunde
624,"Revista de Investigaciones Agropecuarias INTA, Buenos Aires, Ser. 5 (Patol. Veg.)"
625,"Journal, Karnatak Univ. Sci."
626,Biol. Vestn.
627,Varstvo Narave
628,Sitzungsberichte Ges. Naturw. Fr. Nr.
629,Boletín de la Asociacion Española de Entomologia
630,Entomologischen Blätter Schweiz.
631,Travaux de la Société Bulgare des Sciences Naturelles [=Trudove na Bulgarskoto Prirodoispitatelno druzhestvo]
632,"Memoires Acad. Imp. Sci. Lit. Bea.-Art. Turin, Sci. Phys. Mat."
633,Polskie Pismo Entomologiczne
634,Przeglad Zoologiczny
635,"Memoirs of the Bureau of Entomology of the Scientific Committee of the Central Board of Land Administration and Agriculture, Petrograd"
636,Transactions of the Suffolk Naturalists' Society
637,"Proc. Tall Timbers Conf. on Ecol. Anim. Control, Tallahassee"
638,Liefer
639,"Journal of Comparative Physiology (Series A: Sensory, Neural and Behavioral Physiology) [=? ser#1122]"
640,MTA Math. és Természettudományi Közlöny
642,Researches on Population Ecology
643,Mem. Math. Savants Etrangers
646,"Comptes Rendus des Séances Mensuelles de la Société des Sciences Naturelles [et Physiques] du Maroc, Rabat"
647,Memoires de l'Académie des Sciences de l'Institut Impérial de France
648,Queensland Geological Survey. Publication [use ser#1295]
649,Mrowczarz. Przydornik Tarnow
652,"Kosmos, Lwów [=Lvov]"
653,Sprawozdania. Komisji Fizyograficzna. Polska Akademia Umiejetnosci w. Krakowie
654,Rozprawy i Wiadomosci z Muzeum im. Dzieduszyckich
655,Bulletin de la Murithienne
656,Ent. Ges.
657,Entomologica Brasiliensia
658,"Entomologische Berichte, Luzern"
659,Bulletin Romand d'Entomologie
660,Glasnik Hrvatskoga Prirodoslovnoga Drustva
661,Schweiz. Jg. Forsch.
662,"Zanco, Ser. A., Pure Appl. Sci."
663,Archiv für Hydrobiologie
664,Journal of Applied Ecology
665,Freshwater Biological Association Scientific Publication
666,Freshwater Biology
667,Abhandlungen und Berichte des Naturkundesmuseums-Forschungsstelle
668,Am. Zool.
669,Bulletin of the Biogeographical Society of Japan
670,"Bot. Zool. [=? Botany and Zoology, Theoretical and Applied, Tokyo; WLSP 8606]"
671,Akitu
672,Tromsø Museums Aashefter
673,Bulletin de la Société des Sciences de Bucarest-Roumanie [=?Bulletin de la Societe Roumaine des Sciences; WLSP 9145]
674,"Izvestiya, Kavkazskii Muzei i Tiflisskaia Biblioteka, Tiflis"
675,Danmarks Fauna
676,Miscellanea Zoologica Sumatrana
677,Bulletin du Musée [Royal] d'Histoire Naturelle de Belgique
678,Nyt Magazin for Naturvidenskaberne
679,"Dissertation Abstracts International [do not use this ser#, cite original dissertations as ""ds""]"
680,Bull. Agric. Exp. Sta. Oregon
681,Brünn Verh. Natf. Ver.
682,Pubbl. Ist. Ent. Univ. Pavia
683,Revue de l'Agriculture
684,"Entomops, Nice"
685,United States Forest Service Research Note SE
686,Folia Soc. Ent. Hung. [=? ser#443]
687,Transactions of the Kent Field Club
688,Ceylon Journal of Science
689,Wiener Entomologische Monatschrift
690,"Bulletin de la Société d'Etudes et de Vulgarisation de la Zoologie Agricole, Bordeaux"
691,Annales des Épiphyties
692,Faunistisch-ökologische Mitteilungen
693,"Bericht der Naturforschenden Gesellschaft, Augsburg"
694,Mt. Aargau Ges.
695,Mikrokosmos
696,Memoires de l'Institut Français d'Afrique Noire
697,Bulletin de l'Institut Française d'Afrique Noire
698,Annales du Musée Royal du Congo Belge (Serie in-8? Sciences)
699,"Journal of the Department of Agriculture of Victoria, Australia"
700,Israel Journal of Zoology
701,J. Cell. Sci.
702,Schriften des Naturwissenschaftlichen Vereins für Schleswig-Holstein
703,"Bulletin of the National Science Museum, Tokyo"
704,Shin-Konchu
705,Japanese Journal of Ecology
706,Entomologia Generalis
707,Verhandlungen und Mitteilungen des Siebenburgischen Vereins für Naturwissenschaften in Hermannstadt
708,Bulletin de la Société des Sciences Naturelles de Rouen
709,Mémoire Bull. Soc. Sci. Nat. Rouen
710,Ekologia Polska
711,Australian Naturalist
712,Fabreries
713,Kentucky Agr. Exp. Stat. Bull.
714,"Ann. Univ. A.R.E.R.S., Reims"
715,"Annls Sci. Nat., Zool. Biol. Anim. [=? ser#48]"
716,Bulletin Biologique de la France et de la Belgique [use ser#99]
717,Zoologische Bijdragen
718,"Naturwissenschaften, Berlin"
719,Deutsch. Ent. [=? ser#124]
720,Mitteilungen des Naturwissenschaftlichen Vereins für Steiermark
721,Ber. Arbgem. ökol. Ent. Graz
722,"Mitt. Abt. Zool.-Bot. Landesmus. Joanneum, Graz"
723,"Alpengarten, Graz"
724,"Jahresbericht Ver. Schuts d. Bergwelt, München"
725,"Mitt. Inst. Umweltwiss. Naturschutz, Graz"
726,"Práce Krajského Musea v Hradci Králové Ser. A, Suppl."
727,Natur und Umwelt im Burgenland
728,"Steir. Naturschutzbrief, Sonderheft, Graz"
729,Carinthia II: Mitteilungen des Naturhistorischen Landesmuseums für Kärnten
730,Naturkundliche Forschung in Fürstentem Liechtenstein
732,"Vivarium, Leiden"
733,"Magazin der Entomologie, J. C. Hendel, Halle"
734,"Ber. Ges. Naturf. Freunde, Berlin"
735,Records of the Zoological Survey of India
736,Newsletter of the Zoological Survey of India
737,Bulletin of the Zoological Survey of India
738,"Records of the Zoological Survey of India, Miscellaneous Publications, Occasional Paper"
740,Cellule
741,Insectologie Agricole
742,Bull. Sci. Nord.
743,"Nature, Paris [= La Nature]"
744,Memoirs of the Queensland Museum
745,"Tech. Bull. U.S.D.A., Bur. Ent. Plant Quarantine"
746,Proceedings of the Biological Society of Washington
747,Sitzungsberichte der Akademie der Wissenschaften in Wien [=? ser#363]
748,Anais da Sociedade Entomologica do Brasil
749,Abhandlungen zur Geschichte der Insecten
750,"Memorias de la [Real] Academia de Ciencias Exactas, Fisicas y Naturales de Madrid"
752,"Fauna, Oslo"
753,Arbok for Universitetet i Bergen (Matematisk-Naturvitenskapelig Serie)
754,Fauna of Hardangervidda
755,Fauna Norvegica
756,Miscellanea Entomologica
757,Oikos
758,Vestník Leningr. Univ.
759,Glasnik Srpske Akademije Nauka (Otdel Prir.-Nat. Nauk)
760,Transactions of the Natural History Society of Formosa
761,Magasin de Zoologie
763,"Anales de la Academia de Ciencias Medicas, Fisicas y Naturales de la Habana"
764,Mitteilungen der Bayerische Staatssammlung für Paläontologie und historische Geologie
765,"Agricultural Research Review, Cairo"
766,Preuss. Provinzialbl.
767,Zoologist
768,Palaeontographica: Beiträge zur Naturgeschichte der Vorwelt [or Vorzeit]
769,Annual Report of the United States Geological [and Geographical] Survey of the Territories
770,Věstník Československé společnosti zoologické
771,"Bollettino del Laboratorio Ent. Agraria Filippo Silvestri, Portici [=? ser#84]"
772,Irish Naturalist
773,"Proceedings of the Royal Irish Academy, Dublin"
774,Nat. Hist. Rev.
775,"Egypt Minist. Agric., Cairo, Tech. and Sci. Ser. Ent. Sect. Bull."
776,Transactions of the Cardiff Naturalists' Society
777,Journal of Mammology
778,Festschrift Botanik und Zoology in Österreich
779,"Anzeiger der Akademie der Wissenschaften, Wien"
780,Mitteilungen der Sektion für Naturkunde des Österreichischen Touristenklubs
781,Zeitschrift für Induktive Abstammungs und Vererbungslehre
782,Senckenbergiana
783,Vierteljahrsschrift der Naturforschenden Gesellschaft in Zürich
784,"Nova Guinea, Zoology"
785,"Companhia de Diamantes de Angola, Publicações Culturais, Lisboa"
786,Transactions of the [Royal] New Zealand Institute
787,Ottawa Naturalist
788,"Naturalist, Hull [use ser#501]"
789,Festschr. Naturwiss. Ges. Bayreuth
790,Zeitschrift für Pflanzenkrankheiten und Pflanzenschutz
791,Oecologia
792,Ent. Medd. (=?138)
793,"Danmarks Geologiske Undersogelse, Kjobenhaven"
794,Nigerian Field
795,Zeitschrift für Wissenschaftliche Zoologie
796,Libyan J. Agric.
797,Bericht der Senckenbergischen Naturforschenden Gesellschaft in Frankfurt am Main
798,Tech. Bull. Dept. Nat. Resources Wisc.
799,Cosmos: Revue des Sciences et de leurs Aplications
800,Journal of Arachnology
801,Archives. Institut Grand-ducal de Luxembourg
802,Isis von Oken
803,"Natural History Museum of Los Angeles County, Science Series"
804,"Bergens Museums Aabok, Naturvitenskapelig Rekke"
805,Illustrierte Wochenschrift für Entomologie
806,"Beiträge zur Naturkundlichen Forschung in Südwestdeutschland, Beiheft"
808,Fauna of Saudi Arabia
809,Arizona Agricultural Experiment Station Bulletin
810,Ann. Soc. Hist.-Nat. Fukuok
811,Opuscula Zoologica
812,"United States Department of Agriculture, Division of Entomology, Bulletin"
813,Pertanika
814,"Crop Protection [=?Novenytermeles, Budapest; WLSP 35,384]"
815,"C. R. Ass. Franc. Av. Sci., Luxembourg"
816,Natural History Magazine
817,"Entomol. Abh. Staatliches Mus. Tierkunde, Dresden"
818,"Entomological World, Tokyo"
819,Bericht der Naturhistorischen Gesellschaft zu Hannover
820,Izvestiya Akademii nauk Turkmenskoi SSR
821,Agr. Hort.
822,"Vestník Kr l. Ces. Spol. Nauk., II"
823,Zeitschrift für Tierpsychologie
824,Tiroler Heimatbl.
825,Schlernschr.
826,"Landes- und Volkskunde, Geschichte, Wirtschaft und Kunst Vorarlbergs"
827,"Nature Magazine, Baltimore"
829,"Faunistische Abhandlungen, Dresden [use ser#904]"
830,Pfälzer Heimat. Speyer
831,Memórias do Instituto Oswaldo Cruz
832,Ber. ökol. Stn. Messaure
834,"Anzeiger für Schädlingskunde, Pflanzenschutz, und Umweltschutz"
835,Monthly Common Insect Magazine
836,Mitteilungen des Naturwissenschaftlichen Vereins an der Universität Wien
837,Rocznik Nauk Lesn.
838,Korrespondenzblatt des Naturforscher-Vereins zu Riga
839,Bulletin International de l'Académie Polonaise des Sciences et des Lettres. Classe des Sciences Mathématiques et Naturelles (Series B: Sciences Naturelles)
840,Neue Brehm Bücherei
841,Cornell University Agricultural Experiment Station Memoir
842,Buletinul Societatii de Stiinte din Bucuresti
843,Giornale Italiano di Entomologia
844,Genen en Phaenen
845,"Jaarverslag Fijksuniv., Utrecht"
846,Bulletin de la Société d'Histoire Naturelle de Metz
847,Meddelanden af Societas Pro Fauna et Flora Fennica
848,Transactions of the Hampshire Entomological Society
849,Transactions of the Entomological Society of Hampshire and the South of England
850,Countryside
851,Proceedings of the Linnean Society of London
852,Occasional Papers of the Coryndon Memorial Museum
853,"Natural History of Rennell Island, British Solomon Islands"
854,Proc. and Trans. Nat. Hist. Soc. Glasgow
855,Entomologist's Weekly Intelligencer
856,Transactions of the Zoological Society of London
857,"Travaux du Muséum d'Histoire Naturelle ""Grigore Antipa"""
858,Studii Cerc. [=?ser#1585]
859,Acta Zoologica Hungarica
860,Lansania
861,Turkiye Bitki Koruma Dergisi
862,"Sborník Narod. Umot. Nauk Knizn., Sofia"
863,"Česká akademie císaře Františka Josefa, Praze"
864,Věstník České akademie císaře Františka Josefa
865,Természetrajzi Füzetek
866,Glasnik Zemaljskog Museja u Bosni i Hercegovini
867,Wiss. Mitt. Bosnien Hercegovina
868,Bull. Ceska. Ac.
869,"Bull. Inst. Acad. Sci., Prague"
870,"Sitzungsberichte der K. Böhmischen Gesellschaft der Wissenschaften, Mathematisch-naturwissenschaftliche Klasse"
871,Veröff. Mus. Naturkunde Karl-Marx-Stadt
872,"McGill University, MacDonald College, Lyman Entomological Museum and Research Laboratory, Memoire"
873,Canadian Journal of Zoology
874,Harriman Alaska Series of the Smithsonian Institution
875,Contributions from the Department of Tropical Medicine and the Institute for Tropical Biology and Medicine
876,"Indian Forest Records, Entomology Series"
877,"Mémoires du Musée Royal d'Histoire Naturelle de Belgique, Hors Série"
878,"Göteborgs Kungl. Vetenskaps- och Vitterhets-Samh
lles Handlingar"
879,Kullabergs Natur
880,Norrbottens Natur Sm
881,Fauna Norrl.
882,Linnaea Entomologica
885,Revue Mensuelle de l'Union des Entomologistes Belges [=Lambillionea]
886,Ins. Niigata Pref.
887,"Annales d'Histoire Naturelle, Délégation en Perse, Paris"
888,Memorias de la Sociedad Entomológica de España
889,"Izvestiya na Tsarskite Prirodonauchni Instituti v Sofiya [=Bulletin des Institutions Royales d'Histoire Naturelle a Sophia, Bulgarie]"
890,Kennis und Kunst
891,Natural Canad. [=? ser#1070]
892,Naturalienkabinett mit Naturalien- und Lehrmittelmarkt
893,Nat. Mons.
894,Suffolk Nat. Soc.
895,Fragmenta Faunistica
896,Journal of the Entomological Society of Queensland
897,Naturhistoriker
898,Transactions of the Kansai Entomological Society
899,Ent. Bl. (?=630)
900,Insektenborse
901,Prace naukowe Instytutu Ochrony Roslin
902,Bull. OILB/SROP
903,Biul. Inst. Ochr. Ros'l. [=?Biuletyn Kwarantanny: Ochrony Roslin (Warszawa) WLSP 7185]
904,Faunistiche Abhandlungen Staatliches Museum für Tierkunde in Dresden
905,Revue d'Hydrologie
906,"Verhandlungen Ges. ökol., Wien"
907,"Science Monograph, Laramie"
908,Izvestiya Akademiia nauk SSR (Biol. Nauk.)
909,Rep. Imp. Cent. Agr. Exp. Sta. Japan
910,"Journal of the College of Agriculture, Hokkaido Imperial University"
911,Proceedings of the Imperial Academy of Japan [=Nihon Gakushiin]
912,Journal Essa Ent. Ass.
914,"Results of the Kyoto University Scientific Expedition to the Karakoram and Hindukush, 1955"
915,Gensei
916,Akademiia nauk SSSR. Zoologicheskii Zhurnal
917,Archiv für die Naturkunde des Ostbaltikums
918,Mémoires de la Soc. Hist. Scient. Deux-Sèvres
919,Annales de la Société Linnéene de Lyon
921,Mémoires de la Société Vulgarisation des Sciences Naturelles des Deux-Sèvres
922,Bulletin de la Société d'étude des Sciences Naturelles d'Elbeuf
923,"Bulletin de la Société des Sciences Naturelles de l'Ouest de la France, Nantes"
924,Revue de Zoologie Agricole et Appliquée
925,Journal of the Mississippi Academy of Scinces
926,Proceedings of the Somersetshire Archaeological and Natural History Society
927,Actes de la Société Linnéenne de Bordeaux
928,Gen. Apl. Entomol.
929,Bulletin de l'Académie [Royal] de Belgique. Classe des Sciences
930,Entomologické Listy
931,Transactions of the American Fisheries Society
932,Aramco World Magazine
933,Entomonograph
934,Veröff. Landestelle Naturschutz Landschaftpflege Baden-Württemberg
935,Reihe Mitt.  Bad. Landes-Verein f. Naturk. u. Naturesch
936,Novi Commentarii Academiae Scientiarum Imperialis Petropolitanae
937,Smithsonian Contributions to Knowledge
938,Bulletin de la Société Scientifique de Bretagne
939,Rev. Comp. Animal.
940,"Magazin de Zoologie, d'Anatomie Comparée et de Palaeontologie ... par F. E. Guérin-Méneville"
942,Journal of the Department of Agriculture of Puerto Rico
943,Bulletin Annuel de la Société Jersiaise
944,Entomologica Gallica
945,Bulletin de l'Association des Naturalistes de la Vallée du Loing et du Massif de Fontainebleau
946,Bulletin de la Société des Sciences Naturelles et Physiques du Maroc
947,Nachrichten des Naturwissenschaftlichen Museums der Stadt Aschaffenburg
948,ISSCT Entomology Newsletter
949,"Entomologica Scandinavica, Supplement"
950,Ann. Rept. New York State Entomo.
951,Valtion Maatalouskoetoiminnan Julkaisuja
953,Journal of Ultrastructure and Molecular Structure Research
954,Nautilus
955,Journal of Chemical Ecology
956,Neuro News
957,"Mededelingen van de Faculteit Landbouwwetenschappen, Rijksuniversiteit Gent"
958,Indian Journal of Plant Protection
959,Beschäftigungen der Berlinischen Gesellschaft Naturforschender Freunde
960,Annual Report of the Warwickshire Natural History and Archeological Society
961,Proceedings of the Geological Society of London
962,"London and Edinburgh Philosophical Magazine and Journal of Science [=Philosophical Magazine, London]"
964,Bulletin Biologique de la France et de la Belgique Supplement
965,Journal of Agricultural Research in China
966,"Bollettino dell'Istituto di Entomologia ""Guido Grandi"" dell'Università di Bologna"
967,Memorabilia Zoologica
968,"Zeitschrift für Entomologie, Breslau"
969,"Rocznik Museum Górnoslaskiego w Bytomiu, Przyroda [=Annals of the Upper Silesian Museum in Bytom, Natural History]"
970,"Ann. Parasitol. [=?Annales de Parasitologie Humaine et Comparée, Paris; WLSP 2884]"
971,Journal of Invertebrate Pathology
972,Akademiia nauk SSSR. Zoologicheskii Institut. Opredeliteli po faune SSSR [=Keys to the fauna of the USSR]
973,Kilevsk. Sil.-Gosp. Institutu
974,Journal of Experimental Biology
975,Opusc. Zool. Flum.
976,Naturens Verden
977,Journal of Tropical Ecology
978,Archiv des Vereins der Freunde der Naturgeschichte in Mecklenburg
979,"Sitzungsberichte der Österreicheschen Akademie der Wissenschaften, Mathematische-Naturwissenschaftliche Klasse"
980,Uebersicht der Arbeiten und Berföderung der Schlesischen Gesellschaft für Vaterländische Cultur
981,"Zapiski Odesskow Obshchestvo Estestouispytatelei, Odessa"
982,Agrokhimiya
983,Applied Entomology and Zoology
984,Journal of the Entomological Society of Iran
985,Geoscience
986,Zeitschrift für Geschiebeforschung und Flachlandsgeologie
987,Modern Geology
988,Marietta College Research Publication
989,Tropical Pest Management
990,Turkiye Entomoloji Dergisi
991,Annals of the Transvaal Museum
992,Revue d'Entomology du Québec
993,Zoologische Jahrbücher (Abt. Physiol.)
994,Bulletin of the Geological Society of Denmark
995,"Soc. Philom., Paris"
998,Pest Control Circ.
999,"Biocontrol News and Information, Commonwealth Institute of Biological Control"
1000,Mikroskorpion
1001,Transactions of the American Society of Agricultural Engineers
1002,Archiv für Protistenkunde
1003,Verhandlungen der Deutschen Zoologischen Gesellschaft
1004,Australian Museum Magazine
1005,"8 Int. Plant Prot. Congr., Moscow. 3, Papers at Sessions 5, 6, and ..."
1007,"Publ. Inst. Biol. Apl. 26 (Symposio de Biogeografia Iberica, ..."
1008,Oeuvres Hist. Nat. et Phil.
1009,"Mladinska Raziskovalna Tabora Vinica '79 in '80 Ljubljana, 83-85."
1010,"Florida Department of Agriculture and Consumer Services, Division of Plant Industry, Entomology Circular"
1011,Annales de la Société Entomologique du Quebec [use ser#3146]
1012,Anais da Academia Brasileira de Ciencias
1013,"Bulletin of the Academy of Sciences, USSR"
1014,Doklady Akademii nauk SSSR
1015,"Paleontologicheskii Zhurnal, Moscow"
1016,"Proceedings of the Royal Society of Canada (Transactions, Section 4)"
1017,Fauna Fennica
1018,Archives du Musée Teyler
1019,Insecta Mundi
1020,Miscellania Zoologica
1021,Anuario de Estudios Atl nticos
1022,Mediterránea (Biologicos)
1023,Limnetica
1024,Trabbajos Compostelanos de Biología
1025,Anales de Biologia
1026,Journal of African Zoology
1027,"Naturalist; Illustrative of the Animal, Vegetable, and Mineral Kingdoms"
1028,"Atti dell'Accademia Nazionale dei Lincei, Rendiconti, Classe di Scienze Fisiche, Matematiche e Naturali"
1029,Memorie del Museo Civico di Storia Naturale di Verona
1031,"Atti dell'Accademia delle Scienze dell'Istituto di Bologna, Rendiconti, Classe di Scienze Fisiche"
1032,Frustula Entomologica
1033,Congresso Nazionale Italiano di Entomologia
1034,Natura e Montagna
1035,"Neuroptera International, Supplemental Series"
1036,Meddelelser om Gronland
1037,Courier Forschungsinstitut Senckenberg
1038,Schriften der Physikalisch-ökonomischen Gesellschaft zu Königsberg in Pr.
1040,Smithsonian Contributions to Zoology
1041,Spixiana
1042,Paleontologica Sinica
1043,Proceedings of the Entomological Society of Karachi
1044,Verhandeling van het Bataviaasch Genootschap van Kunsten en Wetenschappen
1045,Illinois Biological Monographs
1046,Journal für Ornithologie
1047,"Geological Survey of Canada, Paper"
1048,Arctic: Journal of the Arctic Institute of North America
1049,Studies on the Neotropical Fauna
1050,"Godman's Western Quarterly Reporter of Medical, Surgical, and Natural Science"
1051,Bulletin of the United States Geological Survey
1052,"Comptes Rendus Hebdomadaires des Séances de l'Academie des Sciences, Paris (Serie III, Sciences de la vie)"
1053,Ny Samling af det Kongelige Norske Videnskabers Selskabs Skrifter
1054,Harper's New Monthly Magazine
1055,Memoirs of the Geological Survey of Great Britain
1056,"Musee Royal de l'Afrique Centrale, Annales, Serie in-8, Sciences Zoologiques"
1057,Öfversigt af Kongl. Vetenskaps-Akademiens Förhandlingar
1058,Denkschriften der Medizinisch-Naturwissenschaftlichen Gesellschaft zu Jena
1059,Cell and Tissue Research
1060,Mitteilung aus dem Geologischen Staatsinstitut in Hamburg
1061,Mitteilung aus dem Hamburgischen Zoologischen Museum und Institut
1062,Journal of Agricultural Research
1063,Bulletin of the Auckland Institute and Museum
1064,"Geological Survey of Canada, Report of Progress"
1065,Annales Entomologici Sinici
1066,"Tung Wu Fen Lei Hsueh Pao, Peichins [=Acta Zootaxonomica Sinica]"
1067,Wuyi Science Journal
1068,Records of the South Australian Museum
1069,Natural History of Wicken Fen
1070,Naturaliste Canadien
1071,"Environmental West, San Diego"
1072,"Rocznik Muzeum Górnoslaskiego, Entomologia [=Annals of the Upper Silesian Museum, Entomology]"
1073,"Rozpravy Polsk. Akad. Um., Cracow"
1074,Proceedings of the South London Entomological and Natural History Society
1076,Boll. Ist. Ent. Agr. Univ. Perugia
1077,Annali della Facoltà di agraria / R. Università degli studi di Perugia
1078,Minn. Agr. Exp. Sta. Bull.
1079,Doklady Akademii Nauk Tadzhikskoi SSR [=Proceedings of the Academy of Sciences of the Tadzhik SSR]
1080,"Izvestiya Akademii nauk Tadzhikshoi SSR, Otdelenie Biologicheskikh Nauk [=Notes of the Academy of Sciences of the Tadzhik SSR, Series Biological Sciences]"
1081,Akademiia nauk SSSR. Trudy Vsesoyuznogo Entomologicheskogo Obshchestva
1082,Trudy Akademii nauk Tadzhikskoi SSR
1083,Raboty iz Laboratorii Zoologicheskago Kabineta Imperatorskago Varshavskago Universiteta
1084,Natur und Volk
1085,"Friends of the South Australian Museum, Newsletter"
1086,United States Department of Agriculture Bulletin (=?395)
1087,Izvestiya Obsc. Ljubit. Estest. Antrop. Etnogr.
1088,Comptes Rendus de la Socété Imperiale des Amis de la Nature a Moscou
1089,Journal of Heredity
1090,Proceedings of the Washington State Hort. Assoc.
1091,Zakavkaz. Kraevd. Sbornik. Tiflis
1092,Nasekomye Mongolii [=Insects of Mongolia]
1093,Journal of the Fisheries Research Board of Canada
1094,"Memoirs of the Faculty of Science and Agriculture, Taihoku Imperial University"
1095,An. St. Univ. Iasi
1096,Bulletin of the United States National Museum
1097,Occasional Bulletin of the Zoological Society of Southern Africa
1098,Boll. Soc. Romana St. Zool.
1099,Bol. San. Veg. Plagas
1100,Zeitschrift für Parasitenkunde
1101,Ent. Rec. (=?153)
1102,Therm. Biol.
1103,Ent. Fr.
1104,Revue d'Entomologie
1105,Archives de Zoologie Expérimentale et Générale
1106,Travaux de la Société des Naturalistes de Leningrad [=Trudy Leningradskogo Obshchestva Estestvoispytatelei]
1108,"Revista Ent., Bologna"
1109,Vestnik Sel'khoz. Nauki Kazakh.
1110,Ecological Research
1111,Idesia
1112,"Bulletin of Entomology, New Delhi (=?69)"
1113,Overs. Dans. Vidensk. Selsk. Forhand.
1114,"Entomologisches Wochenblatt, Leipzig"
1115,Krancher's Entomologisches Jahrbuch [use ser#620]
1116,Entomologische Zeitung [=? ser#368]
1117,Mem. Acad. Sci. St. Petersb.
1118,"Wissenschaftliche Zeitschrift der Pädagogischen Hochschule, Mathematische-Naturwissenschaftliche Reihe"
1119,Veröff. Bezirksheimatmus
1120,Zeitschrift für Morphologie der Tiere [later Zoomorphology]
1121,Fauna Slodkowodna Polski
1122,Journal of Comparative Physiology
1123,Palingenesi
1124,"Rocznik Nauk Roln., Ser. E"
1125,Fruit Sci. Rep.
1126,Oregon Agr. Exp. Sta. Tech. Bull.
1127,Svensk Insektfauna
1128,Term. Közlem. [=?ser#640]
1129,Fauna Regni Hungariae [=? ser#169]
1130,Entomologica
1131,"Trabajos Cátedra Entomología Facultad Biol. Universidad Complutense, Madrid"
1132,Speleon
1133,Pirineos
1134,"Boletin da Sociedade Portuguesa de Entomologia, Suplemento"
1135,"Actas de la VIII Jornadas A e E, Sevilla"
1136,"Bull. Soc. St., Bucuresti"
1137,"Publ. Res. Br. Agric. Can., Ottawa"
1138,Acta Phytophylactica Sinica
1139,"Archiv für die Naturkunde Liv-, Est- und Kurlands"
1140,"Zoologische Jahrbücher (Abt. Anatomie und Ontogenie), Suppl."
1141,"Annales des Sciences Physiques et Naturelles, d'Agriculture et d'Industrie, ... de Lyon"
1142,"Arch. Natg. [Jahresberichte], Berlin [=? ser#37]"
1143,"Lancs. and Cheshire Fauna Com., Ann. Report"
1144,"Proceedings of the 2nd Entomological Congress, Entomological Society of Southern Africa"
1145,"Departamento de Zoología, C tedra de Entomologia, Madrid"
1146,University of Florida Agricultural Experiment Station Bulletin
1147,"Izvestiya Akademii nauk Moldavskoi SSR, Seria Biologischeskikh i Khimicheskikh nauk [=News of the Academy of Sciences of the Moldavian SSR, Series Biological and Chemical Sciences]"
1148,Bulletin of the Wisconsin Geological and Natural History Survey
1149,Bulletin de l'Académie Internationale de Géographie Botanique
1151,Soc. Arag. C. Nat.
1152,An. Fac. C. Zaragoza
1153,"Zap. Imp. Akad. Nauk, Ser. 8, Fiz.-Mat. Otd."
1155,"Boletin de la Sociedad de Ciencias Naturales del Instituto de La Salle, Bogot"
1156,"Junta Cien. Nat., Barcelona (=?560)"
1157,Ibérica
1158,Boletin de la Sociedad Colombiana de Ciencias Naturales
1159,Almanack Agric. Bras.
1160,Arxiu Centre Excursionista Tarrasa
1161,Bull. Nat. Mons.
1163,Bulletin de la Société des Amis des Sciences Naturelles de Rouen
1164,Atti dell'Accademia Pontificia dei Nuovi Lincei
1165,"C. R. Ass. Fr. Av. des Sciences, Bruxelles"
1166,Estudios Eclesi sticos
1167,"Publicaciones de la Academia de Ciencias Exactas, Físico-Químicas y Naturales Zaragoza"
1168,Mémoires de l'Académie des Sciences de l'Institut de France
1169,Compte Rendu des Séances Socété de Physique de d'Histoire Naturelle de Genève
1170,Annali della Facolta di Scienze Agrarie della Universita degli Studi di Torino
1171,Transactions of the Lincolnshire Naturalist's Union
1172,Archives Néerlandaises de Zoologie
1173,North American Journal of Fisheries Management
1174,"Bulletin of the Faculty of Agriculture, Tamagawa University"
1175,Transactions of the Hertfordshire Nat. Hist. Soc. and Field Club
1176,Glasnik Hrvatskoga Narodoslovnoga Drustva
1177,Physiogr. Denkschr. Warschau
1178,Faunistische Mitteilungen aus Norddeutschland
1179,Verhandlungen des Vereins für Naturwissenschaftliche Heimatsforschung [=? ser#550]
1180,Schriften des Geographischen Institutes der Universität Kiel
1181,Report of the Hokkaido National Agricultural Experiment Station
1182,"Bulletin of the Agricultural Experiment Station, Government-General of Chosen"
1183,Allgem. Naturgesch. für alle Stande
1184,"Papers of the Michigan Academy of Science, Arts and Letters"
1185,Soc. Neuro. Sci. Abst.
1187,Rev. Sci. Bourb.
1188,Fauna Ver. Luxemburg
1189,Phytoparasitica
1190,Journal of the Shanghai Science Institute (Section III)
1191,Nachrichten Ges. Mosc.
1192,Annales des Sciences Géologiques
1193,Mem. Peabody Acad. Sci.
1194,Agric. Res. Seoul Natl. Univ.
1195,Boletín de Geología y Minería
1196,Biological Wastes
1197,"Biochemistry, Washington"
1198,Informatore Fitopatologico
1199,"Animalia, Catania"
1200,Report and Transactions of the Devonshire Association for the Advancement of Science
1201,Gujarat Agric. Univ. Res. J.
1202,Revista de Entomologia de Moçambique
1203,Chinese Journal of Biological Control
1204,Bulletin [of the] Hawaiian Sugar Planters' Association Experiment Station (Entomological Series)
1205,Fabreries Suppl.
1206,Fisheries Bulletin. New Zealand Marine Department
1207,"Bulletin du Muséum d'Histoire Naturelle (3, Zoologie), Paris"
1208,Annales de la Société R. Zoologique de Belgique
1209,Annales Musei Nationalis Hungarici
1210,"Akademii nauk SSSR. Sovmestnaia Sovetsko-Mongol'skaia Paleontologicheskaia Ekspeditsiia, Trudy [=Joint Russian-Mongolian Paleontological Expedition, Transactions]"
1211,"Bulletin de l'Institut de Zoologie et Musée, Academie Bulgare des Sciences, Section de Biology [=Izvestiya na Zoologicheskiya Institut s Muzei, Bulgarska Akademiya na Naukite (later: Acta Zoologica Bulgarica)]"
1212,Bulgarian Academy of Sciences. Terrestrial Fauna of Bulgaria
1214,Indian Journal of Agricultural Science
1215,Transactions of the Academy of Sciences of St. Louis
1216,Annales Agriculturae Fenniae
1217,Illinois Agric. Expt. Sta. DSAC
1218,"Eesti NSV Teaduste Akadeemia, Loodusuurijate Selts, Faunistilisi Märkmeid [=The Naturalists Society Attached to the Academy of Sciences of the Estonian SSR, Faunistic Notes]"
1219,Kulturber. Niederösterr. F.
1220,Journal of the Alabama Academy of Science
1221,"Sitzab. Naturf. Ges., Leipzig"
1222,California Agriculture
1223,Gulf Research Reports
1224,"Papers from the Department of Geology, University of Queensland"
1225,Palaeontologia Africana
1226,Entomological Gazette (=?135)
1227,"Ann. Rept. Noxious, Beneficial and Other Insects of Missouri"
1228,Mitteilungen der Entomologia Zürich und Umgebung
1229,Travaux de la Société des naturalistes à l'Université Impériale de Kharkow
1230,Bericht über die Versammlung Deutscher Naturforscher und Arzte
1231,Sitz.-Ber. Ges. Isis
1232,Ver. F. Naturk. in Zwickau
1233,Jahresbericht des Vereins für Naturkunde zu Zwickau
1234,"Comptes Rendus Hebdomadaire des Séances de l'Academie des Sciences, Paris"
1235,Transactions of the Carlisle Natural History Society
1236,J. Bombay Soc. (=? J. Bomb. Nat. Hist. Soc.)
1237,"Faunistilisi Märkmeid, Eesti NSV Teaduste Akademia"
1238,Alcheringa
1239,"Proceedings of the National Academy of Sciences of India (Ser. B, Biological Sciences)"
1240,Mag. Orient. Sci.
1241,Zeitschrift der Wiener Entomologischen Gesellschaft
1242,Berliner Geowissenschaftliche Abhandlungen
1243,Cretaceous Research
1244,Abhandlungen Ber. Pominersch. Naturf. Gest. Stellin (Stettin?)
1245,Zeitschrift für Zellforschung und Mikroskopische Anatomie
1246,Cytobiology
1247,Natur am Niederhein
1249,Zeitsch. F. Entomologie N. F. X. (=?407)
1250,Forhandlingar i Videnskabsselskabet i Kristiania
1251,Trd. B. Entom. Uven. Kom. Gl. Upr. Zeml.
1252,Pflanzenschutzberichte
1253,Aus. d. Heimat.
1255,Geological Magazine
1256,H. C. Arksteum
1257,Zbl. Ges. Forstw.
1259,Riviera Scientifique
1260,Bull. Ecol.
1261,Bull. Soc. Entom. Mulhouse
1262,"Paleontological Journal [=English translation of Paleontologicheskii Zhurnal, Moscow]"
1263,Proceedings of the Coventry Dist. Nat. Hist. Scient. Soc.
1264,Byull. Uses. nauchno-issled. Inst. Zasch. Rast. Vredit.
1265,National Geographic
1266,Canadian Journal of Botany
1267,Mitteilungen aus dem Zoologischen Museum in Berlin
1268,"Anais da Escola Superior de Agricultura ""Luis Queiroz""."
1269,Sitzungsberichte Ver. Brünn
1271,Schweizer Entomologischer Anzeiger
1272,Ber. Ges. Freib.
1273,Sber. K. Böhm. Ges. Wiss. [=? ser#870]
1274,Annales Zoologici Societatis Zoologico-Botanicae Fennicae
1275,Arch. Societatis Zoologico-Botanicae Fennicae
1276,Schweiz. Laudw. Forsch.
1277,Essex Naturalist
1278,"Sborník Entomologického oddeleni Národního Musea, Praze"
1279,Casopis Narod. Mus.
1280,Vestník Scl. Zool. Spol.
1281,Biological J. Nara Wmn's Univ.
1282,Transactions of the Kentucky Academy of Sciences
1283,Evolutionary Ecology
1284,Genetical Research
1285,"Search, Agriculture, Cornell University, Ithaca"
1286,Entomologische Nachrichten [city unstated]
1287,Misc. Prat. de la Riba [Inst. d'Estud. Catal.]
1288,Forest Res. Stn. Ilanoth
1289,Rep. First Scient Exped. Manchoukuo
1290,Fauna Arctica
1291,Sborník Klubu Přírodovědeckého v Brně
1292,Agric. Ecosyst. Environ.
1293,Journal of the Royal Hort. Soc.
1294,Bulletin de la Société des Sciences de Nancy
1295,Publications of the Geological Survey of Queensland
1296,Contr. Fac. Sci. Coll. Addis Ababa C (Zoology)
1297,Abhandlungen Naturk. Gesell. Gorlitz
1298,Idea
1299,Entomologische Zeitschrift mit Insektenbörse
1300,Erlagen: Palm
1301,Transactions of the Kansas Academy of Sciences
1302,Kansas University Science Bulletin
1303,Suomen Hyönteistieteellinen Aikakauskirja [use ser#35]
1304,Natur und Museum
1305,Flora og Fauna Natural Hist. Foren. Jylland
1306,Revista de Biologia Tropical
1307,"Mémoires de l'Académie des Sciences, Artes et Belles-Lettres de Dijon"
1309,Bulletin de la Société d'Ecophysiologie
1310,Journal of the Bedfordshire Natural History Society
1311,Atti Giornate Fitopatol.
1312,Int. J. Micr.
1313,Növényvédelem
1314,Recherches sur la Faune de Madagascar
1315,Proceedings of the Royal Society
1316,Natural Enemies of Insecta
1317,Journal of Wildlife Managment
1318,Proceedings of the Royal Physical Society of Edinburgh
1319,Fortschritte der Zoologie
1320,"Bull. Ohio Agr. Exp. Sta., Tech. Ser."
1321,Praktische Schädlingsbekämpfer
1322,Egatea
1323,Proceedings of the Wisconsin Natural History Society
1324,Ark. Agric. Exp. Stn. Bull.
1325,Melsheimer Ent. Ser.
1326,Apidologie
1327,Hawaiian Planter's Record
1328,"Kosmos, (Stuttgart?, Stockholm?)"
1329,Bulletin de la Société Entomologique d'Egypte [use ser#95]
1330,"Univ. Calif. Publ., Tech. Bull. Agric. Exper. Sta., Entomology"
1331,Soc. Pyrenees-or
1332,Insect Knowledge
1333,Beijing New Sci. Technol.
1334,Acta Chimica Sinica
1336,Res. Bull. Dis. and Ins.-Pests
1337,Insectarium
1338,Journal of Neurocytol.
1339,Natural Science
1340,"Mitt. Kaukas Mus., Tiflis [=? ser#674]"
1341,Vestnik Zoologii
1342,"Annals of Agricultural Science, Ain Shams University"
1343,C. R. Acad. Cracovie
1344,"Arch. Java Suikerindus, Afl."
1345,"Klub Přírodovědecký pri Moravském Museum, Brne"
1346,"Rep. Czechoslov. Acad. Sci., Prague"
1347,Sborník Jihočeského Muzea v Ceskych Budějovicích Přírodní Vedy
1348,"Časopis Moravského Musea, Brne [=Acta Musei Moraviae]"
1349,Ushek. Bil. Zh.
1350,"Trudy Moldavskovo Nautschno-Issledovatelskovo Instituta Sadovadstva, Vinogradarstva i Vinodelija"
1351,Doklady Akad. Nauk Armyan. SSR
1352,Revista Colombiano Entomologia
1353,Journal of Theoretical Biology
1354,Memoria Soc. Entomol. Espanola [=?888]
1355,"Palaeontological Journal, Academy of Sciences of the USSR [=?1015]"
1356,Boletin de la Real Espanola de Historia Natural (Biol.)
1357,Nat. Sci. and Mus.
1358,Allattani Közlemények
1359,"India, National Centre for Integrated Pest Management, Biological Control Centre, Technical Bulletin"
1360,Genus
1361,Jornadas Sobre el Medio Natural Albacetense
1362,Science in China (Series B)
1363,Zoologica Baetica
1364,Meyniana
1365,Akademiia nauk SSSR. Trudy Paleozoologicheskogo [later Paleontologicheskii] Instituta
1366,Tung Wu Hsueh Chi Kan [=Sinozoologia]
1367,Geological Survey of Illinois
1368,Trudy Geologicheskogo Muzeya
1369,Zeitschrift der Deutsche Geologische Gesellschaft
1370,Canadian Naturalist and Geologist
1371,Nova Acta Physico-Medica Academiae Caesareae Leopoldino-Carolinae Naturae Curiosorum
1372,Memoirs of the Boston Society of Natural History
1373,Memoirs and Proceedings of the Manchester Literary and Philosophical Society
1374,Zoological Record
1375,Annales de la Société Géologique du Nord
1376,Materialy k Osnovam Paleontologii
1377,Curator
1378,Proceedings. Electron Microscopy Society of Southern Africa
1379,Zoology of the Faroes
1380,"Report [of the] Canadian Arctic Expedition, 1913-1918"
1381,Hallesches Jahrbuch für Mitteldeutsche Erdgeschichte
1383,"British Museum (Natural History), Fossil Insects"
1385,Kungliga Svenska Vetenskapsakademiens Skrifter i Naturskyddsärenden
1386,Transactions of the New York State Agricultural Society
1387,Atoll Research Bulletin
1388,Sveriges Natur
1389,African Entomology
1390,Washington Geology
1391,Cirpon
1392,Monographien zur angewandten Entomologie [=Beihefte zur Zeitschrift für angewandte Entomologie]
1393,Bulletin of the British Arachnological Society
1394,Revue et Magasin de Zoologie Pure et Appliquée
1395,Studies on Neotropical Fauna and Environment
1397,Australian Entomologist
1398,Bonn. Zool. Beiträge
1399,Boll. Mus. Civ. St. Nat. Verona
1400,"Spixiana, Supplement"
1401,Entomography
1402,Annual Report of the California State Board of Horticulture
1403,"Publications of the Entomological Laboratory, College of Agriculture, University of Osaka Prefecture"
1404,Journal of Molecular Biology
1405,"Naturwissenschaftliche Abhandlungen, gesammelt und durch subscription herausgegeben von Wilhelm Haidinger"
1406,Mem. Ist. Veneto (Cl. Sci. Mat. Nat.)
1407,Paläontologische Zeitschrift
1408,"Acta Geologica Gansu [=Kan-su Ti Chih Hsueh Pao, Lanzhou]"
1409,Boletín Geológico y Minero
1410,Izvestiya of the Kharkov Entomological Society
1411,Harvard University Gazette
1412,Annual Review of Earth Planet. Sci.
1413,Scientific Treatise on Systematic and Evolutionary Zoology
1415,Tung-Wu Hsueh Yen-Chui [=Zoological Research]
1416,Journal of Entomological Science
1417,"Akademiia nauk SSSR. Mémoires, Classe physico-mathematique"
1418,Annales de la Société des Sciences Naturelles de la Charente-Inférieure
1419,Insects and Nature
1420,Ekologia
1421,Tropical Zoology
1422,Raffles Bulletin of Zoology
1423,"Fragmenta Entomologica, Roma"
1424,Bollettino della Società Romana d'Entomologia
1425,Quaderni del Museo di Storia Naturale di Patrica
1426,"Bulletin of the Natural History Museum, Entomology"
1427,"Magazin des Thierreichs, [Reich], Erlangen"
1428,Journal of the Royal Agricultural Society of England
1429,Akademiia nauk SSSR. Memoirs
1430,"Annales des Sciences Naturelles, Zoologie et Biologie Animale"
1431,Entomologiste Toulousain
1432,Fauna Durmitora
1433,Znanstvena Revija
1434,Tissue and Cell
1435,Electron Microscopy
1436,Akademiia nauk SSSR. Mémoires
1437,Bollettino di Zoologia Agraria e di Bachicoltura
1438,Ciencia e Pratica
1439,Kunchong Zhishi
1440,J. Hubei Univ.
1441,Journal of [the] Yunnan Agricultural University
1442,Carinthia II: Mitteilungen des Naturwissenschaftlichen Vereines für Kärnten
1443,Jaarb. Ver. tot Beh. Natuurmon
1444,Country Life
1445,Journal of Concology
1446,Abhandlungen und Berichte des Naturkundemuseums Görlitz
1447,Dohrniana
1448,Jaarb. Vereen. Beh. Natuurmonum.
1449,Ebenda
1450,Die Heimat
1451,Umschau in Wissenschaft und Technik
1452,Revista Española de Paleontología
1453,Journal of Applied Entomology [use ser#471; 2 vol/yr; 1992=v.114]
1454,Journal of Insect Behavior
1455,Collecting and Breeding
1456,Nature and Insects
1457,Iden
1458,Japanese Journal of Entomology
1459,Celastrina
1460,Wasmann Journal of Biology
1461,Ecological Monographs
1462,Bulletin of the Georgia Academy of Sciences
1463,New Zealand Journal of Agricultural Research
1464,Proceedings of the New York Entomological Society
1465,Jahrbuch der Hamburgischen Wissenschaftlichen Anstalten
1466,Tech. Publ. Stat. Biol. Surv. Kansas
1467,Report. Div. Ent. C.S.I.R.O. Aust.
1468,Tasm. Dept. Agric. Insect Pest Survey
1469,Rep. Waite Aric. Res. Inst.
1470,Aust. J. Mar. Freshw. Res.
1471,Australian Journal of Agric. Res.
1472,Wildlife Aust.
1473,[Serial title unknown.]
1474,Nat. Hist. Juan Fernandez and Easter Is.
1475,Queensland Journal Agr. Anim. Sci.
1476,South Australian Naturalist
1477,Proceedings of the R. Soc. Tasm.
1478,Victorian Ent.
1479,Vict. Plant Res. Inst. Rep.
1480,"Proceedings of the R. Geogr. Soc. Aust., S. Aust. Brch."
1481,"Journal of Zoology, London"
1482,New Zealand Journal of Sci.
1483,Acqua Aria
1484,Mem. Soc. Tic. Sci. Nat.
1485,Boll. Mus. Civ. St. Nat. Venezia
1486,Atti Acc. Agiati
1487,Ann. Ist. Mus. Zool. Univ. Napoli
1488,Boll. Lab. Ent. R. Ist. Agr. Bologna
1489,Ann. Acc. It. Sc. For.
1490,"Mem. Matem. Fis. Soc. Ital. Sci., Modena"
1491,Atti Ist. Veneto Sc. Lett. Art
1493,Atti Soc. It. Sc. Nat.
1494,Mem. Ist. Ital. Idrobiol.
1495,Atti Soc. Ligustica Sc. Naturali e Geografiche
1496,Dimensione Ambiente
1497,Quaderni della Stazione di Ecologia del Civico Museo di Storia Naturale di Ferrara
1498,"Rendic. Accad. Naz. LX, Roma"
1499,"Entomophaga, Mem. H. S."
1500,Naturalista Sicil.
1501,Boll. Mus. St. Nat. Lunigiana
1502,Phytophaga
1503,Rend. R. Ist. Lombardo Sci. Lett.
1504,"Opusc. Scelti Scienze e Arti, Milano"
1505,Informatore Agrario
1506,Melanges Pil. Mat. Soc. R. Turin
1507,Trudy Lab. Sapropel. Otlozh.
1508,Ber. Bayer. Bot. Ges.
1509,Journal of the North American Benthological Society
1510,"Ed. Ist. Sper. Pat. Veg., Roma"
1511,Naturalista Siciliano
1512,Pradnik. Prace i Materialy Muzeum im. Prof. Wladyslawa Szafera
1513,Acta Entomologica Silesiana
1514,Badania Fizjogr. Pol. Zach.
1515,Folia for. Pol.
1516,"Annls Zool., Warsz."
1517,"Zesz. nauk UMK, Biol. [=? Acta Univ. N. Copernici, Biol.]"
1518,Spraw. Pozn. TPN
1519,"Pr. Inst. Bad. Lesn., Warsz."
1520,Pr. Inst. Nenck.
1521,Ochr. Przyr.
1522,Acta Hydrobiol.
1523,Märkische Tierwelt
1524,Zesz. Probl. Post. nauk Roln
1525,Pszczel. Zesz. Nauk.
1526,Slupskie Pr. Mat.-Przyr.
1527,Rozpr. Spraw. IBL
1528,Prace Zool.
1529,Prace Inst. Sad.
1530,Pam. Fizjogr.
1531,"Zeitschrift Naturwiss. Abt., Posen"
1532,Prace Kom. mat.-przyr. PTPN
1533,Chronmy przyr. ojcz.
1534,Parki Narod. Rez. Przyr.
1535,Bibl. Warsz.
1537,Acta Entomologica Slovenica
1538,Boletim da Sociedade Portuguesa de Entomologia
1539,Sociobiology
1540,IPM Practitioner
1541,Biological Control
1542,DLG Mitteilungen
1543,Hautarzt
1544,Biocontrol Science and Technology
1545,Pesticide Science
1546,Insect Science and its Application
1547,Pesquisa Agropecuaria Brasileira
1548,Current Science
1549,Horticultural Science
1550,Agriculture Ecosystems and Environment
1551,Physiological Zoology
1552,Journal of the American Mosquito Control Association
1553,Chinese Science Bulletin
1554,Archives of Insect Biochemistry and Physiology
1555,"Acta Zoologica, _______ [1994=v.75]"
1556,Hereditas
1557,Journal of the Royal Society of New Zealand
1558,European Journal of Entomology
1559,Proceedings of the Royal Society of London
1560,European Journal of Biochemistry
1561,Medical Journal of Australia
1562,Acta Oecologica: International Journal of Ecology
1563,Dunántúli Dolgozatok (A) Természettudományi Sorozat [=Studia Pannonica (A) Series Historico-Naturalis]
1564,Folia Historico Naturalia Musei Matrensis
1565,Somogyi Múzeumok Közleményei
1566,Izvestia Obschestva Liubitelei Estestvoznania i Etnografii [=Bulletin of the Society of the Amateurs of Natural History and Ethnografy]
1567,Trudy Obschestva Ispytatelei Prirody pri Khar'kovskom Universitete [=Proceedings of the Society of the Researchers of Nature of Kharkov University]
1568,Natura Alpina
1569,Insectes
1570,"Biological Survey of Canada, Mongr."
1571,Rudolstadter Nat. Hist. Schr.
1572,"Entomologische Nachrichten und Berichte, Berlin"
1573,Linz. Biol. Beitr.
1574,Bollettino di Zoologia
1575,Journal of the Tennessee Academy of Science
1576,Nauchnye Trudy Kuibyschevskogo Gos. Pedagogicheskogo Instituta [=Transactions of the Pedagogical Institute of Kuibyshev]
1577,Trudy Obschestva Issledovatelei Volyni [=Annales of the Society of Researchers of Volyn']
1578,Mem. Soc. Linn. Paris
1579,Trudy Instituta Zoologii i Parazitologii Akademii Nauk Tadzhikskoi SSR [=Proceedings of the Institute of Zoology and Parasitology of the Academy of Sciences of the Tadzhik SSR]
1580,Revista Nicaraguense de Entomologia
1581,New Sci.
1582,"Protokoly Zasedanii Imperatorskogo Obschestva Liubitelei Estestvoznania, Antropologii i Etnografii [=Protocols of the Sessions of the Royal Society of the Amateurs of the Natural Sciences, Anthropology and Ethnography]"
1583,Trudy NII Biologii Khar'kovskogo Universiteta [=Proceedings of the Institute of Biology of Kharkov State University]
1584,Liubitel' Prirody [=The amateur of Nature]
1585,"Studii si Cercetari Stiint, Acad. RPR, Biol. si Stiinte Agricole [=ser#858?]"
1586,Priroda [=Nature]
1587,Hope Reports
1588,Sbornik praz' Zoologichnogo Muzeiu (Akad. Nauk URSR) [=Transactions of the Zoological Museum (Academy of Sciences of the Ukrainian SSR)]
1589,Trudy Sredneaziatskogo Gosudarstvennogo Universiteta im. V. I. Lenina [=Proceedings of the State University of Middle Asia named after V. I. Lenin]
1590,Izvestia Vostochno-Sibirskogo Otdela Geograficheskogo Obschestva SSSR [=Bulletin of the East-Sibirian Department of the Geographical Society of the USSR]
1591,Izvestia Moskovskogo Entomologicheskogo Obschestva [=Bulletin of the Entomological Society of Moscow]
1592,Acta Zoologica Bulgarica
1593,"Trudy Instituta Evoliucionnoi Fiziologii i Patologii Vysshei Nervnoi Deiatel'nosti im. Akademika I. P. Pavlova [=Transactions of the Pavlov Institute of the Evolutionary Physiology and Pathology of Higher Nervous Activity, Koltushi]"
1594,Zapiski Ural'skogo Obschestva Liubitelei Estestvoznania [=Memoirs of the Society of the Amateurs of Natural History of the Urals]
1595,Jahresh. Ges. Naturkde Wurttemberg
1596,Mitt. Biol. Bundesanst. Land- und Forstwirt. Berlin-Dahlem
1597,Trudy Zoologicheskogo Instituta Acad. Nauk Gruzinskoi SSR [=Transactions of the Zoological Institute of the Academy of Sciences of the Georgian SSR]
1598,Informazionnyi Byulleten' po Voprosam Karantina Ractenii [=Informational Bulletin on the Questions of Plant Quarantine]
1599,Journ. Insect Pathol.
1600,Kratkie Doklady po Voprosam Zaschity Rastenii [=Short Reports on the Questions of Plant Protection]
1601,Vestnik S.-Petersburgskogo Gosudarstvennogo Universiteta [=Bulletin of the St. Petersburg State University]
1602,Trudy Khar'kovskogo Sel'sko-Khoziaistvennogo Instituta [=Transactions of the Kharkov Agricultural Institute]
1603,Somogyi Néplap
1604,J. P. M鷖. Evk.
1605,Bericht ___ Naturwissenschaftliche Gesellschaft Bayreuth
1606,Az Erdélyl Múzeum Egylet Évkönyvei
1607,Magyar Birodalom Allatvil ga
1608,Akadémiai Értesítő
1609,Allattani Közlöny
1610,Fragm. Faun. Hung.
1611,Acta Biol. Szeged
1612,Journal of Agricultural Entomol.
1613,Japanese Journal of Limnology
1614,Journal of Freshwater Ecology
1615,British Journal of Entomology and Natural History
1616,London Naturalist
1617,"Centre for Entomological Studies, Miscellaneous Papers"
1618,Glasgow Naturalist
1619,Papers and Proceedings. Royal Society of Tasmania
1620,Studia Naturalia
1621,"Ecole Pratique des Hautes Etudes, Biologie et Evolution des Insectes"
1622,Advances in Insect Physiology
1623,Acarologia
1624,American Arachnology
1625,American Bee Journal
1626,Annual Purdue Pest Control Conference
1627,Apicata
1628,Australasian Beekeeper
1629,Bee Culture
1630,Coleopterists' Bulletin
1631,Comunicaciones del Museo Argentino de Ci.
1632,Drosophila Information Service
1633,Entomologica Fennica
1634,Entomological Review of Japan
1635,Entomological Revue
1636,Entomologische Arbeiten
1637,"Experientia, Supplementum"
1638,Experimental and Applied Acarology
1639,Fauna Entomologica Scandinavica
1640,General and Applied Entomology
1641,Gleanings in Bee Culture
1642,Insecticide and Acaricide Tests
1643,International Journal of Acarology
1644,Agricultural Entomology
1645,Journal of Apicultural Research
1646,"Journal of Entomological Science, Supplement"
1647,Journal of Hymenoptera Research
1648,Journal of Research on the Lepidoptera
1649,Journal of the Lepidopterists' Society
1650,Journal of the Entomological Society of British Columbia
1651,Mosquito systematics
1652,Notulae Odonatologicae
1653,Occasional Papers in Entomology
1654,Occasional Papers of the Florida State C...
1655,Odonatologica
1656,Pest Control
1657,Revista del Museo Argentino de Ciencias
1658,Series Entomologica
1659,Bee World
1661,Newsletter of the British Arachnological Society
1662,Arthropoda Selecta
1663,Elytron
1664,Tropical Lepidoptera
1665,International Journal of Pest Management
1666,Berliner Naturschutzblatter
1667,Sbornik trudov Vsesoiuznyi Institut Zaschity Rastenii [=Transactions of the Soviet Union Institute of Plant Protection]
1668,"Central'naia Moskovskaia Karantinnaia Laboratoria [=Central Quarantine Laboratory, Moscow]"
1669,Far Eastern Entomologist
1670,Anali za Istrske in Mediteranske Studije [=Annals for Istrian and Mediterranean Studies]
1671,Popular Science Monthly
1672,Bulletin of the Kent Field Club
1673,Beiträge Landespflege Rheinland-Pfalz
1674,Insekt-Nytt
1675,Tetrahedron Letters
1676,Journal of the Rio Grande Valley Horticultural Society
1677,Élet és Tudomány
1678,B鷙醨
1679,Kertészet és Szölészet
1680,Comunicaciones del Museo Nacional de Buenos Aires
1681,Nogyo
1682,Checklist delle Specie della Fauna Italiana
1683,"Sci[ence]. Rep[ort]., Tohoku Imperial University, Sapporo"
1684,Zoosystematica Rossica
1685,Nucleic Acids Research
1686,Insect Molecular Biology
1687,Handbooks for the identification of British Insects
1689,Bulletin of the Royal Society of New Zealand
1690,New Zealand's Nature Heritage
1691,Uj Kertgazdaság
1692,"Bull. Inst. R. Sci. Nat. Belgique, Entomol."
1693,Italia for. Mont.
1694,Biocosme Mesogeen
1695,Riv. Idrobiol.
1696,Bull. Soc. Linn. Lyon
1697,"Zapateri, Revista Aragonesa de Entomología"
1698,Bol. Soc. Entomol. Aragon
1699,Canadian Journal of Fish. Aquat. Sci.
1700,"Elytron, Suppl."
1703,"Faunistisch-ökologische Mitteilungen, Suppl."
1704,Catalogus de la Entomofauna Aragonesa
1705,NachBl. Österr.
1706,Priamus
1707,Pastorizia del Veneto
1708,Lavori Soc. Veneta Sc. Nat.
1709,Natur Heimat
1710,Revista Peru Entomol.
1711,Folia Entomologica Hungarica [use Rovartani Közlemények]
1712,Atti Soc. It. Sci. Nat. Mus. Civ. St. Nat. Milano
1713,Papeis Avulsos Zool. S. Paulo
1714,"Kataloge der Wissenschaftlichen Sammlung des Naturhistorischen Museums in Wien, Paläozologie"
1715,Bulletin de la Société Vaudoise des Sciences Naturelles
1716,Ann. Agricol.
1717,Acta Entomologica Jugoslavica
1718,Schr.-R. f. Landschaftspflege u. Naturschutz.
1719,Mitt. Bad. Landesver. Naturkunde u. Naturschutz
1720,Ann. Acad. Agric. Torino
1721,Lauterbornia
1722,Gortiana
1723,Archives of Phytopathology and Plant Protection
1724,"Vissh Selskostopanski Institut ""Vasil Kolarov"" Plovdiv Nauchni Trudove"
1725,Proceedings of Pakistan Congress of Zoology
1726,Internationales Symposium ueber Entomofaunistik in Mitteleuropa
1727,Entomological Knowledge
1728,Proceedings. Beltwide Cotton Conferences
1729,Revista de Agricultura
1730,Journal of Maharashtra Agricultural Universities
1731,Chinese Journal of Entomology
1732,Entomofauna Carpathica
1733,Al-Basit
1734,Biochemical and Biophysical Research Communications
1735,Proceedings of the Kansai Plant Protection Society
1736,Zhurnal Evolyutsionnoi Biokhimii I Fiziologii
1737,Mededelingen Faculteit Landbouwkundige en Toegepaste Biologische Wetenschappen Universiteit Gent
1738,Acta Biologica Cracoviensia Series Zoologia
1739,Historia Naturalis Bulgarica
1740,Journal of Biological Control
1741,Acta Ecologica Sinica
1742,Bulletin of the Chinese Academy of Geological Sciences
1743,Molecular Biology and Evolution
1744,Journal of Arid Environments
1745,Casopis Slezskeho Zemskeho Muzea
1746,Russian Entomological Journal
1747,Kita-Kyushu No Konchu
1748,Bulletin de la Société d'études Scientifiques de l'Anjou
1750,Bedfordshire Naturalist
1751,Biologia
1752,Sorby Record
1753,Verhandlungen des Naturwissenschaftlichen Vereins in Hamburg
1754,Artenschutzreport
1755,Russ. Imp. Dept. Agric. Mem. Bureau Ent.
1756,Seev鰃el
1757,Galathea
1758,Latvijas Entomologs
1759,"Atti del Museo Civico di Storia Naturale, Trieste"
1762,"Acta Entomologica Jugoslavica, Suppl."
1763,"Abhandlungen und Berichte des Museums der Natur, Gotha"
1764,Nature Notes: The Selborne Society's Magazine
1766,Annual Report of the New Jersey State Museum
1767,Environmental Conservation
1768,Proceedings of the South Dakota Academy of Sciences
1769,Pacific Science
1770,Fauna of Southwestern Bulgaria
1772,Journal of the Egyptian German Society of Zoology
1773,Comparative Biochemistry and Physiology (Series B)
1774,International Journal of Wild Silkmoth and Silk
1775,Journal of Insect Science
1776,Revista Brasileira de Zoologia
1777,"Plant Protection Bulletin, Taichung"
1778,IOBC-WPRS Bulletin
1779,Folia Facultatis Scientiarum Naturalium Universitatis Masarykianae Brunensis Biologia
1780,Bulletin of the Amateur Entomologists' Society
1782,Proteus
1783,Samaru Journal of Agricultural Research
1784,Fauna und Flora in Rheinland-Pfalz
1786,Mysore Journal of Agricultural Sciences
1787,Occasional Papers in Paleobiology St. Cloud State University
1788,Indian Journal of Ecology
1789,Carinthia II Sonderhefte
1791,Texas Journal of Science
1794,Professional Papers of Stratigraphy and Palaeontology
1795,"Mitteilungen aus der Biologischen Bundesanstalt für Land- und Forstwirtschaft, Berlin-Dahlem"
1796,Applied Entomology and Phytopathology
1797,Shokubutsu Boeki
1799,Biochim. Biophys. Acta
1800,"Izvestiya geologicheskogo komiteta, St. Petersburg"
1801,"Phoenix, magazine of the Albany Museum"
1803,"Entomology Memoir, Department of Agricultural Technical Services, Republic of South Africa"
1805,"Verh. Schweiz. Naturf. Ges., Jahresvers."
1806,Turtox News
1807,International Journal of Biometeor.
1809,Australian Journal of Entomology
1810,Proceedings of the Geologists Association of London
1811,Proceedings of the Quarterly Journal of the Geological Society of London
1812,Freshwater Forum
1813,Journal of the Taiwan Mus.
1814,Sborník vlastivědných prací z Podblanicka
1815,Zprávy České zoologické společnosti
1816,Acta Musei Reginaehradecensis
1817,Silva Gabreta
1818,Annales
1821,Dugesiana
1822,Acta Entomologica Bohemoslovaca
1823,International Journal of Entomology
1824,Annalen des Naturhistorischen Museums in Wien
1825,Boletim do Museu Nacional-Zoologia N. 22
1826,Hydrobiologia
1827,Southwestern Naturalists
1828,Studies on Neotropical Fauna and Environment
1829,Journal of the Georgia Entomological Society
1830,Freshwater Invertebrate Biology
1831,Limnology and Oceanography
1832,New Zealand Journal of Zoology
1833,Proceddings of the Oklahoma Academy of Science
1834,Transactions of the American Fisheries Society
1835,Science
1836,Transactions of the Kentucky Academy of Science
1837,Transactions of the Missouri Academy of Science
1838,Transactions of the Royal Society of Canada
1839,University of Utah Biological Series
1840,Utah Academy Proceedings
1841,Water Research
1842,Western North American Naturalist
1843,Zoological Journal of the Linnean Society
1844,Aquatic Sciences
1845,BioScience
1846,Biotropica
1847,"Bulletin of the Florida State Museum, Biological Sciences"
1848,Bulletin of the New York State Museum
1849,New York Entomological Society
1850,Oikos
1851,Virginia Journal of Science
1852,Annals of the Cape Provincial Museums Natural History
1853,Australian Journal of Marine and Freshwater Research
1854,Archives of Hydrobiologia
1855,American Zoologist
1856,Journal of the Elisha Mitchell Scientific Society
1857,Journal of the Iowa Academy of Science
1858,Journal of the Washington Academy of Sciences
1859,Journal of the Water Pollution Control Federation
1860,Memoirs of the Entomological Society of Canada
1861,Archives of Environmental Contamination and Toxicology
1862,Bulletin of the Institute for Fisheries Research
1863,Bulletin of the Ohio Biological Survey
1864,Canadian Journal of Fisheries and Aquatic Science
1865,Coleopterists Bulletin
1866,Copeia
1867,Ecological Monographs
1868,Entomotropica
1869,Environmental Pollution
1870,Environmetrics
1871,Annales de Limnologie-International Journal of Limnology
1872,International Quarterly of Entomology
1873,Transactions of the American Fisheries Society
1874,Wildlife Monographs
1875,Water Resources Research
1876,Journal of Agriculture of the University of Puerto Rico
1877,Transactions of the Royal Entomological Society of London
1878,Technical Publication of the State Biological Survey of Kansas
1879,Bulletin of Environmental Contamination and Toxicology
1880,Bulletin of the Bureau of Fisheries
1881,Fisheries
1882,"Academia, Československá Akademie Věd, Praha"
1884,Revue d'Hydrobiologie Tropicale
1885,Mémoires de la Société Vaudoise des Sciences Naturelles
1886,Internationale Revue der Gesamten Hydrobiologie
1887,Annales de Parasitologie
1888,Annals of the Missouri Botanical Garden
1889,Brimleyana
1890,Wild Earth
1891,Taxon
1892,Scientific American
1893,International Journal of Geographical Information Systems
1894,Aquatic Conservation: Marine and Freshwater Ecosystems
1895,Unknown
1896,Maine Agricultural Experiment Station Technical Bulletin
1897,Opuscula Zoologica Fluminensia
1898,Zoosystematica Rossica
1899,Ohio Biological Survey Bulletin New Series
1900,Rep. Kevo Subarctic Res. Stat.
1901,Maine Naturalist
1902,Journal of the Pennsylvania Academy of Science
1903,"Bulletin of the Lloyd Library of Botany, Natural History, Pharmacy and Materia Medica."
1904,Folia Entomologica Hungarica
1905,Faunisticke Spravy
1906,Vest. cs. Spolec. zool.
1907,Paleontological Journal
1908,Journal of Helminthology
1909,Rev. Soc. Ent. Argentina
1910,Bulletin de la Société entomologizue de France
1911,"Universitas Carolina, Geologica"
1912,Canadian Journal of Earth Science
1913,Bulletin de la Societe Entomologique Suisse
1915,Trends in Entomology
1916,Entomologist's Monthly Magazine
1917,Zootaxa
1918,Journal of the Entomological Society of South Africa.
1919,The Entomologist Monthly Magazine
1921,Zootaxa
1922,Trends in Entomology
1923,Faunistische Abhandlungen Staatliches Museum fur Tierkunde Dresden
1924, Multivariate Environmental Statistics
1925,Acta Univ. Carolinae
1926,"Acta Universitatis Carolinae, Biologica"
1927,Acta Zootaxonomica Sinica.
1928,Altiplano Aquatic Insects
1929,Ann. Entomol. Soc. Am.
1930,Ann. Rev. Entomol
1931,Ann. Soc. Entomol. Belg.
1932,Annales de Biologie Lacustre
1933,Annls Limnol.
1934,"Aquatic Biota of Mexico, Central America and the West Indies, S.H. Hrlbert and A. Villalobos-figueroa, eds."
1935,Book
1936,"Agricultural and Home Economics Experiment Station, Iowa State University of Science and Technology"
1937,Arbeiten der Biologischen Wolga-Station
1938,Arthropod Relationships
1939,Brazilian Archives of Biology and Technology
1940,Bull. Soc. Vaud. Sc. Nat.
1941,Bulletin du Musée Royal d'Histoire Naturelle de Belgique
1942,"Bulletin of Department of Biology, Yenching University"
1943,Sborník Ústredního Ústavu Geologického
1944,Freshwater Biological Association of the British Empire
1945,Diversité et endémisme à Madagascar
1946,"Zool. Inst. Rus. Acad. Sci., St.Petersburg"
1947,Pakistan Journal of Science
1948,Prace Komisji Biologicznej Poznanskie Towarzystwo Przyjaciól Nauk
1949,Proc. Biol. Sci.
1950,Rev. Bras. Entomol.
1951,Revue d'Entomologie de I'URSS
1952,Zool. Zhurnal
1953,Vestnik Leningrad. Univ.
1954,Southeastern Biology
1955,P. Kom. Biol. Pozn. Tow. Przyk. Nauk
1956,Une Mission Biologique Belge au Brésil
1957,Vĕstnik Ústředniho Ústavu Geologického
1958,Consiglio Nazionale delle Ricerche
1959,Bulletin de l'Institut Royal des Sciences Naturelles de Belgique
1960,Sborník geol. Ved
1961,Biogeografia
1962,Biologica Centrali-Americana
1963,Biological Journal of the Linnean Society
1964,Biota Neotropica
1965,"Boletin del Museo Nacional de Historia Natural, Chile"
1966,Bulletin de I.F.A.N.
1967,"Cah. ORSTOM, sér. Hydrobiol"
1968,Caldasia
1969,Can. Bull. Fish. Aquat. Sci.
1970,Canadian Journal of Arthropod Identification
1971,Check List
1972,Ciência Biológica
1973,Cladistics
1974,Ephemera
1975,Festschrift für Zschokke
1976,The Quaternary of the United States.
1977,Parc National de l'Upemba
1978,Internationale Vereinigung für Theorestische and Angewanddte Limnologie Verhandlungen
1979,Journal of Biogeography
1980,"Journal Siam Society, Natural History Supplement"
1981,Loris: The Journal of the wildlife and nature protection society of Sri Lanka.
1982,Proceedings of the Symposium on Nature Conservation and Entomology in the 21st Century
1983,Neotropical Entomology
1984,New Mexico Bureau of Mines and Mineral Resources Bulletin
1985,Papilio
1986,Peking Natural History Bulletin
1987,Proc. R. Ent. Soc. Lond.
1988,Reichenbachia Mus. Tierk Dresden
1989,Rev. de Entomologia
1990,Rev. Soc. Uruguaya Ent.
1991,Revue Zoologique Africaine
1992,Scientific Note
1993,Systematic Biology
1994,The Poznan Society of Friends of Science
1995,Trans. Amer. Microsc. Soc.
1996,"University of Utah, Anthropological Papers"
